village_id,Object.state,Status,Accuracy,Date,commune,village_name,lat_long,has_rain_gauge,village_size,gender_nanmean,gender_nanmedian,gender_N,age_nanmean,age_nanmedian,age_N,years_farming_nanmean,years_farming_nanmedian,years_farming_N,num_wives_nanmean,num_wives_nanmedian,num_wives_N,wife_trades_nanmean,wife_trades_nanmedian,wife_trades_N,wife_food_crops_nanmean,wife_food_crops_nanmedian,wife_food_crops_N,wife_crafts_nanmean,wife_crafts_nanmedian,wife_crafts_N,num_children_nanmean,num_children_nanmedian,num_children_N,num_young_children_nanmean,num_young_children_nanmedian,num_young_children_N,num_older_children_nanmean,num_older_children_nanmedian,num_older_children_N,num_children_in_school_nanmean,num_children_in_school_nanmedian,num_children_in_school_N,children_working_nanmean,children_working_nanmedian,children_working_N,housing_material_nanmean,housing_material_nanmedian,housing_material_N,access_electricity_nanmean,access_electricity_nanmedian,access_electricity_N,access_drinking_water_nanmean,access_drinking_water_nanmedian,access_drinking_water_N,access_healthcare_nanmean,access_healthcare_nanmedian,access_healthcare_N,wants_credit_nanmean,wants_credit_nanmedian,wants_credit_N,credit_from_coop_nanmean,credit_from_coop_nanmedian,credit_from_coop_N,credit_from_third_party_nanmean,credit_from_third_party_nanmedian,credit_from_third_party_N,credit_from_bank_nanmean,credit_from_bank_nanmedian,credit_from_bank_N,has_loan_nanmean,has_loan_nanmedian,has_loan_N,loan_amount_nanmean,loan_amount_nanmedian,loan_amount_N,loan_rate_nanmean,loan_rate_nanmedian,loan_rate_N,has_bridge_loan_nanmean,has_bridge_loan_nanmedian,has_bridge_loan_N,bridge_loan_amount_nanmean,bridge_loan_amount_nanmedian,bridge_loan_amount_N,pledged_output_nanmean,pledged_output_nanmedian,pledged_output_N,wants_bridge_loan_nanmean,wants_bridge_loan_nanmedian,wants_bridge_loan_N,wants_bridge_loan_amount_nanmean,wants_bridge_loan_amount_nanmedian,wants_bridge_loan_amount_N,input_use_nanmean,input_use_nanmedian,input_use_N,input_cost_nanmean,input_cost_nanmedian,input_cost_N,inputs_useful_nanmean,inputs_useful_nanmedian,inputs_useful_N,interest_use_inputs_nanmean,interest_use_inputs_nanmedian,interest_use_inputs_N,interest_insurance_nanmean,interest_insurance_nanmedian,interest_insurance_N,use_ag_services_nanmean,use_ag_services_nanmedian,use_ag_services_N,ag_services_quality_nanmean,ag_services_quality_nanmedian,ag_services_quality_N,ag_services_frequency_nanmean,ag_services_frequency_nanmedian,ag_services_frequency_N,interest_ag_services_nanmean,interest_ag_services_nanmedian,interest_ag_services_N,last_price_nanmean,last_price_nanmedian,last_price_N,num_plots_nanmean,num_plots_nanmedian,num_plots_N,total_ha_nanmean,total_ha_nanmedian,total_ha_N,fraction_in_school_nanmean,fraction_in_school_nanmedian,fraction_in_school_N,fraction_in_school_binned_nanmean,fraction_in_school_binned_nanmedian,fraction_in_school_binned_N,num_older_children_binned_nanmean,num_older_children_binned_nanmedian,num_older_children_binned_N,num_young_children_binned_nanmean,num_young_children_binned_nanmedian,num_young_children_binned_N,income_nanmean,income_nanmedian,income_N,nonzero_income_nanmean,nonzero_income_nanmedian,nonzero_income_N,income_binned_nanmean,income_binned_nanmedian,income_binned_N,num_plots_binned_nanmean,num_plots_binned_nanmedian,num_plots_binned_N,years_farming_binned_nanmean,years_farming_binned_nanmedian,years_farming_binned_N,age_binned_nanmean,age_binned_nanmedian,age_binned_N,num_children_binned_nanmean,num_children_binned_nanmedian,num_children_binned_N,num_wives_binned_nanmean,num_wives_binned_nanmedian,num_wives_binned_N,education_level_binned_nanmean,education_level_binned_nanmedian,education_level_binned_N,wife_roles_nanmean,wife_roles_nanmedian,wife_roles_N,creditworthy_nanmean,creditworthy_nanmedian,creditworthy_N
423.0,Locked,Enable,3.0,2018-01-22 10:04:00,Ronkh,Diawar,-16.050963029265 | 16.458946231421,no,262.0,0.12213740458015267,0.0,262.0,45.06870229007634,44.0,262.0,17.240458015267176,17.0,262.0,1.049618320610687,1.0,262.0,0.27099236641221375,0.0,262.0,0.04198473282442748,0.0,262.0,0.0,0.0,262.0,5.057251908396947,5.0,262.0,1.8931297709923665,1.0,262.0,2.0763358778625953,2.0,262.0,2.385496183206107,2.0,262.0,2.0,2.0,181.0,1.6988416988416988,2.0,259.0,0.946360153256705,1.0,261.0,1.996168582375479,2.0,261.0,1.1762452107279693,1.0,261.0,2.8692307692307693,3.0,260.0,0.2972972972972973,0.0,259.0,0.9459459459459459,1.0,259.0,1.9153846153846155,2.0,260.0,0.9298245614035088,1.0,228.0,411984.7715736041,375000.0,197.0,5.024896265560166,5.0,241.0,0.0,0.0,262.0,0.019083969465648856,0.0,262.0,0.16475095785440613,0.0,261.0,0.9578544061302682,1.0,261.0,171195.43295019158,150000.0,261.0,3.9884615384615385,4.0,260.0,100333.99616858238,89760.0,261.0,1.0193050193050193,1.0,259.0,1.0154440154440154,1.0,259.0,1.3745173745173744,1.0,259.0,0.9961389961389961,1.0,259.0,1.2393822393822393,1.0,259.0,3.9575289575289574,4.0,259.0,1.0694980694980696,1.0,259.0,114.26436781609195,109.0,261.0,2.957692307692308,2.0,260.0,1.4217213740458023,1.1949999999999998,262.0,0.4240197645889989,0.42857142857142855,233.0,1.7639484978540771,2.0,233.0,0.8015267175572519,1.0,262.0,0.6793893129770993,1.0,262.0,220423.5496183206,175000.0,262.0,266133.50230414746,195000.0,217.0,1.5419847328244274,2.0,262.0,1.0769230769230769,1.0,260.0,1.3893129770992367,1.0,262.0,2.0419847328244276,2.0,262.0,0.8129770992366412,1.0,262.0,1.0190839694656488,1.0,262.0,0.44656488549618323,0.0,262.0,0.3827751196172249,0.0,209.0,1.0,1.0,212.0
437.0,Locked,Enable,3.0,2018-01-22 10:04:00,Diama,Mboundoum Barrage,-16.076343333333 | 16.399813333333,yes,150.0,0.22666666666666666,0.0,150.0,46.141891891891895,47.5,148.0,19.114093959731544,20.0,149.0,0.8,1.0,150.0,0.02,0.0,150.0,0.08,0.0,150.0,0.0,0.0,150.0,4.626666666666667,5.0,150.0,0.8466666666666667,1.0,150.0,2.046666666666667,2.0,150.0,2.24,2.0,150.0,1.0780141843971631,1.0,141.0,1.9731543624161074,2.0,149.0,0.9133333333333333,1.0,150.0,2.0,2.0,150.0,1.0066666666666666,1.0,150.0,3.2533333333333334,3.0,150.0,0.98,1.0,150.0,0.8,1.0,150.0,1.9066666666666667,2.0,150.0,0.9733333333333334,1.0,150.0,363625.0,375000.0,144.0,6.684931506849315,7.0,146.0,84053.33333333333,75000.0,150.0,83340.0,75000.0,150.0,0.0,0.0,150.0,0.006666666666666667,0.0,150.0,1000.0,0.0,150.0,3.993333333333333,4.0,150.0,74279.63333333333,74390.0,150.0,1.9933333333333334,2.0,150.0,2.0,2.0,150.0,0.3624161073825503,0.0,149.0,1.0,1.0,150.0,1.1733333333333333,1.0,150.0,2.013333333333333,2.0,150.0,0.3,0.0,150.0,120.8,125.0,150.0,2.7837837837837838,2.0,148.0,1.7964429530201347,1.6,149.0,0.42427806288693365,0.44155844155844154,124.0,1.7741935483870968,2.0,124.0,0.78,1.0,150.0,0.5266666666666666,1.0,150.0,169101.20805369128,150000.0,149.0,196844.375,155000.0,128.0,1.3020134228187918,1.0,149.0,1.0472972972972974,1.0,148.0,1.657718120805369,2.0,149.0,2.1554054054054053,2.0,148.0,0.7866666666666666,1.0,150.0,0.7866666666666666,1.0,150.0,0.3825503355704698,0.0,149.0,0.1595744680851064,0.0,94.0,0.9733333333333334,1.0,150.0
441.0,Locked,Enable,10.0,2018-01-22 09:49:00,Ronkh,Ronkh,-15.988655 | 16.478345,no,273.0,0.007352941176470588,0.0,272.0,43.64705882352941,42.0,272.0,18.073260073260073,20.0,273.0,1.304029304029304,1.0,273.0,0.978021978021978,1.0,273.0,0.9047619047619048,1.0,273.0,0.007326007326007326,0.0,273.0,7.868131868131868,7.0,273.0,2.021978021978022,2.0,273.0,4.472527472527473,4.0,273.0,4.355311355311355,4.0,273.0,0.8413284132841329,0.0,271.0,1.120879120879121,1.0,273.0,0.9194139194139194,1.0,273.0,1.989010989010989,2.0,273.0,1.4612546125461254,1.0,271.0,3.728937728937729,4.0,273.0,1.0769230769230769,1.0,273.0,1.0293040293040292,1.0,273.0,1.286764705882353,1.0,272.0,1.0,1.0,272.0,312967.032967033,300000.0,273.0,5.985294117647059,6.0,272.0,549.4505494505495,0.0,273.0,750.9157509157509,0.0,273.0,1.0073260073260073,1.0,273.0,0.9216417910447762,1.0,268.0,113809.52380952382,125000.0,273.0,3.978021978021978,4.0,273.0,204714.2857142857,195000.0,273.0,1.9304029304029304,2.0,273.0,1.9413919413919414,2.0,273.0,1.9853479853479854,2.0,273.0,1.8131868131868132,2.0,273.0,1.8864468864468864,2.0,273.0,3.4448529411764706,3.0,272.0,1.9852941176470589,2.0,272.0,125.0,125.0,273.0,2.326007326007326,2.0,273.0,1.0879853479853485,1.0,273.0,0.5128876716781541,0.5555555555555556,267.0,2.292134831460674,2.0,267.0,1.4322344322344323,1.0,273.0,0.945054945054945,1.0,273.0,559725.2747252748,600000.0,273.0,563856.0885608856,600000.0,271.0,2.9450549450549453,3.0,273.0,0.9010989010989011,1.0,273.0,1.6703296703296704,2.0,273.0,1.875,2.0,272.0,1.3333333333333333,1.0,273.0,1.2380952380952381,1.0,273.0,0.5091575091575091,1.0,273.0,1.8955223880597014,2.0,268.0,1.0,1.0,272.0
,,,,,,,,,1.0,0.0,0.0,1.0,35.0,35.0,1.0,8.0,8.0,1.0,4.0,4.0,1.0,0.0,0.0,1.0,1.0,1.0,1.0,0.0,0.0,1.0,7.0,7.0,1.0,3.0,3.0,1.0,4.0,4.0,1.0,3.0,3.0,1.0,1.0,1.0,1.0,0.0,0.0,1.0,0.0,0.0,1.0,1.0,1.0,1.0,1.0,1.0,1.0,4.0,4.0,1.0,0.0,0.0,1.0,1.0,1.0,1.0,1.0,1.0,1.0,1.0,1.0,1.0,5000.0,5000.0,1.0,7.0,7.0,1.0,0.0,0.0,1.0,0.0,0.0,1.0,0.0,0.0,1.0,1.0,1.0,1.0,100000.0,100000.0,1.0,4.0,4.0,1.0,30000.0,30000.0,1.0,1.0,1.0,1.0,1.0,1.0,1.0,2.0,2.0,1.0,1.0,1.0,1.0,1.0,1.0,1.0,2.0,2.0,1.0,2.0,2.0,1.0,105.0,105.0,1.0,1.0,1.0,1.0,,,0.0,0.42857142857142855,0.42857142857142855,1.0,2.0,2.0,1.0,1.0,1.0,1.0,1.0,1.0,1.0,2000000.0,2000000.0,1.0,2000000.0,2000000.0,1.0,3.0,3.0,1.0,0.0,0.0,1.0,0.0,0.0,1.0,1.0,1.0,1.0,1.0,1.0,1.0,2.0,2.0,1.0,0.0,0.0,1.0,1.0,1.0,1.0,1.0,1.0,1.0
455.0,Locked,Enable,6.0,2018-01-22 10:02:00,Ross bEthio,Ross bEthio,-16.137893333333 | 16.278653333333,no,20.0,0.95,1.0,20.0,49.68421052631579,52.0,19.0,17.1,8.5,20.0,0.0,0.0,20.0,0.0,0.0,20.0,0.0,0.0,20.0,0.0,0.0,20.0,4.7,5.0,20.0,0.7,0.0,20.0,2.25,2.0,20.0,2.4,1.5,20.0,1.105263157894737,0.0,19.0,1.45,1.0,20.0,0.9,1.0,20.0,1.75,2.0,20.0,0.7894736842105263,1.0,19.0,3.8,4.0,20.0,0.1,0.0,20.0,0.0,0.0,20.0,0.15,0.0,20.0,0.05263157894736842,0.0,19.0,200000.0,200000.0,2.0,7.0,7.0,1.0,0.0,0.0,20.0,0.0,0.0,20.0,0.0,0.0,3.0,0.95,1.0,20.0,82500.0,100000.0,20.0,4.0,4.0,20.0,128559.07142857143,105872.0,14.0,2.0,2.0,20.0,2.0,2.0,20.0,1.9,2.0,20.0,1.0,1.0,20.0,2.85,3.0,20.0,3.85,4.0,20.0,2.0,2.0,20.0,80.5,100.0,20.0,2.4210526315789473,1.0,19.0,2.2350000000000003,0.5,20.0,0.46038359788359784,0.5142857142857142,18.0,1.6666666666666667,2.5,18.0,0.85,1.0,20.0,0.45,0.0,20.0,20000.0,0.0,20.0,200000.0,200000.0,2.0,0.15,0.0,20.0,0.42105263157894735,0.0,19.0,1.05,0.5,20.0,2.5789473684210527,3.0,19.0,0.8,1.0,20.0,0.0,0.0,20.0,0.1111111111111111,0.0,18.0,,,0.0,0.05555555555555555,0.0,18.0
456.0,Locked,Enable,4.0,2018-01-22 10:03:00,GuEdE village,TarEdji dEcollE,-14.867106666667 | 16.52346,no,128.0,0.3046875,0.0,128.0,47.3046875,48.5,128.0,14.5546875,14.0,128.0,0.84375,1.0,128.0,0.078125,0.0,128.0,0.0703125,0.0,128.0,0.0703125,0.0,128.0,5.21875,5.0,128.0,1.0,1.0,128.0,2.7734375,2.0,128.0,1.5703125,1.0,128.0,0.6904761904761905,0.0,126.0,1.078125,1.0,128.0,0.078125,0.0,128.0,1.375,1.0,128.0,1.5234375,2.0,128.0,4.0,4.0,128.0,0.3515625,0.0,128.0,0.328125,0.0,128.0,0.34375,0.0,128.0,0.30952380952380953,0.0,126.0,116658.53658536586,125000.0,41.0,9.076923076923077,7.0,39.0,6562.5,0.0,128.0,7265.625,0.0,128.0,0.46875,0.0,128.0,0.984375,1.0,128.0,311367.1875,250000.0,128.0,3.984375,4.0,128.0,43367.4921875,45000.0,128.0,1.8046875,2.0,128.0,1.7890625,2.0,128.0,1.9375,2.0,128.0,0.6953125,1.0,128.0,1.5614035087719298,2.0,114.0,2.643478260869565,3.0,115.0,1.9047619047619047,2.0,126.0,137.1484375,125.0,128.0,1.1015625,1.0,128.0,0.31562499999999966,0.2,128.0,0.2683357723431252,0.2,120.0,1.1583333333333334,1.0,120.0,1.0234375,1.0,128.0,0.6328125,1.0,128.0,106641.6015625,100000.0,128.0,107481.29921259843,100000.0,127.0,0.8125,1.0,128.0,0.078125,0.0,128.0,1.0234375,1.0,128.0,2.2265625,2.0,128.0,0.8984375,1.0,128.0,0.796875,1.0,128.0,0.0,0.0,128.0,0.21951219512195122,0.0,82.0,0.312,0.0,125.0
457.0,Locked,Enable,2.0,2018-01-22 10:03:00,GuEdE Village,Donaye,-14.860611666667 | 16.52619,no,247.0,0.2550607287449393,0.0,247.0,50.202429149797574,50.0,247.0,31.352226720647774,30.0,247.0,0.8340080971659919,1.0,247.0,0.20242914979757085,0.0,247.0,0.12955465587044535,0.0,247.0,0.004048582995951417,0.0,247.0,6.914634146341464,6.5,246.0,1.408906882591093,1.0,247.0,2.9959514170040484,3.0,247.0,3.48582995951417,3.0,247.0,1.2522522522522523,1.0,222.0,1.639344262295082,2.0,244.0,0.611336032388664,1.0,247.0,1.8987854251012146,2.0,247.0,0.9068825910931174,1.0,247.0,1.8699186991869918,2.0,246.0,0.902834008097166,1.0,247.0,0.6234817813765182,1.0,247.0,0.12653061224489795,0.0,245.0,0.12195121951219512,0.0,246.0,166266.66666666666,150000.0,30.0,16.633333333333333,18.0,30.0,17975.708502024292,0.0,247.0,18574.898785425103,0.0,247.0,0.26582278481012656,0.0,158.0,0.12751677852348994,0.0,149.0,26558.704453441296,0.0,247.0,3.263157894736842,4.0,247.0,65528.34008097166,60000.0,247.0,0.5951417004048583,0.0,247.0,0.5265306122448979,0.0,245.0,1.4817813765182186,2.0,247.0,0.9554655870445344,1.0,247.0,0.5473251028806584,1.0,243.0,2.25,3.0,244.0,1.2834008097165992,2.0,247.0,238.95528455284554,250.0,246.0,4.340080971659919,5.0,247.0,1.6037651821862369,1.64,247.0,0.47768874958710694,0.5,239.0,1.9497907949790796,2.0,239.0,1.05668016194332,1.0,247.0,0.6518218623481782,1.0,247.0,24561.457489878543,0.0,247.0,216667.14285714287,115000.0,28.0,0.14979757085020243,0.0,247.0,1.5384615384615385,2.0,247.0,2.4979757085020244,3.0,247.0,2.5020242914979756,3.0,247.0,1.2479674796747968,1.0,246.0,0.8299595141700404,1.0,247.0,0.04918032786885246,0.0,244.0,0.45348837209302323,0.0,172.0,0.12295081967213115,0.0,244.0
,,,,,,,,,10.0,0.1,0.0,10.0,54.0,50.5,10.0,24.6,25.0,10.0,1.1,1.0,10.0,0.3,0.0,10.0,0.3,0.0,10.0,0.0,0.0,10.0,7.1,8.5,10.0,1.2,1.0,10.0,2.2,1.0,10.0,2.6,1.5,10.0,2.2,2.0,10.0,1.4,2.0,10.0,0.8,1.0,10.0,2.0,2.0,10.0,0.8,1.0,10.0,1.0,0.0,10.0,0.8,1.0,10.0,0.7,1.0,10.0,0.5,0.0,10.0,0.4,0.0,10.0,200000.0,125000.0,4.0,11.75,11.0,4.0,0.0,0.0,10.0,0.0,0.0,10.0,0.1,0.0,10.0,0.0,0.0,7.0,0.0,0.0,10.0,3.2,4.0,10.0,148500.0,125000.0,10.0,1.3,1.5,10.0,1.4,2.0,10.0,0.4,0.0,10.0,1.0,1.0,10.0,1.4,1.0,10.0,3.111111111111111,3.0,9.0,0.7,0.0,10.0,262.5,300.0,10.0,3.5,3.5,10.0,1.166,1.13,10.0,0.41739316239316243,0.3888888888888889,10.0,1.5,1.5,10.0,0.6,0.5,10.0,0.6,1.0,10.0,35000.0,0.0,10.0,116666.66666666667,100000.0,3.0,0.3,0.0,10.0,1.2,1.5,10.0,2.2,2.5,10.0,2.8,3.0,10.0,1.4,2.0,10.0,1.0,1.0,10.0,0.1,0.0,10.0,0.75,0.5,8.0,0.4,0.0,10.0
459.0,Locked,Enable,2.0,2018-01-22 10:02:00,Ndiayene Pendao,Mbala,-14.960913921285 | 16.49222846312,no,273.0,0.21978021978021978,0.0,273.0,46.213235294117645,47.0,272.0,13.054945054945055,15.0,273.0,0.9706959706959707,1.0,273.0,0.15384615384615385,0.0,273.0,0.047619047619047616,0.0,273.0,0.03296703296703297,0.0,273.0,5.304029304029304,5.0,273.0,2.0805860805860807,2.0,273.0,1.8937728937728937,2.0,273.0,0.9267399267399268,1.0,273.0,0.42066420664206644,0.0,271.0,1.1078066914498141,1.0,269.0,0.033210332103321034,0.0,271.0,1.0220588235294117,1.0,272.0,0.5588235294117647,1.0,272.0,2.0220588235294117,2.0,272.0,0.2977941176470588,0.0,272.0,0.3125,0.0,272.0,1.7259259259259259,2.0,270.0,0.9245283018867925,1.0,265.0,106963.12809917355,75000.0,242.0,8.225296442687746,7.0,253.0,62427.716911764706,30000.0,272.0,87489.57142857143,36750.0,273.0,0.04428044280442804,0.0,271.0,0.09398496240601503,0.0,266.0,66125.9080882353,35000.0,272.0,3.678966789667897,4.0,271.0,42458.7052238806,18000.0,268.0,1.154981549815498,1.0,271.0,0.7824427480916031,1.0,262.0,1.1476014760147601,1.0,271.0,1.014760147601476,1.0,271.0,1.3173431734317342,1.0,271.0,3.9305019305019306,4.0,259.0,1.1433823529411764,1.0,272.0,122.97069597069597,125.0,273.0,1.0,1.0,273.0,0.5835897435897437,0.5,273.0,0.15893488750631615,0.125,259.0,0.7799227799227799,1.0,259.0,0.8241758241758241,1.0,273.0,0.8498168498168498,1.0,273.0,159952.32720588235,121250.0,272.0,171287.531496063,132750.0,254.0,1.0808823529411764,1.0,272.0,0.003663003663003663,0.0,273.0,0.9084249084249084,1.0,273.0,2.1433823529411766,2.0,272.0,0.8974358974358975,1.0,273.0,0.9267399267399268,1.0,273.0,0.06319702602230483,0.0,269.0,0.27918781725888325,0.0,197.0,0.9683794466403162,1.0,253.0
,,,,,,,,,1.0,0.0,0.0,1.0,30.0,30.0,1.0,7.0,7.0,1.0,1.0,1.0,1.0,1.0,1.0,1.0,0.0,0.0,1.0,0.0,0.0,1.0,1.0,1.0,1.0,1.0,1.0,1.0,0.0,0.0,1.0,1.0,1.0,1.0,0.0,0.0,1.0,2.0,2.0,1.0,1.0,1.0,1.0,2.0,2.0,1.0,2.0,2.0,1.0,4.0,4.0,1.0,1.0,1.0,1.0,0.0,0.0,1.0,1.0,1.0,1.0,1.0,1.0,1.0,1000000.0,1000000.0,1.0,5.0,5.0,1.0,50000.0,50000.0,1.0,60000.0,60000.0,1.0,1.0,1.0,1.0,1.0,1.0,1.0,150000.0,150000.0,1.0,4.0,4.0,1.0,,,0.0,2.0,2.0,1.0,2.0,2.0,1.0,2.0,2.0,1.0,2.0,2.0,1.0,1.0,1.0,1.0,3.0,3.0,1.0,2.0,2.0,1.0,125.0,125.0,1.0,1.0,1.0,1.0,3.2,3.2,1.0,1.0,1.0,1.0,3.0,3.0,1.0,0.0,0.0,1.0,1.0,1.0,1.0,525000.0,525000.0,1.0,525000.0,525000.0,1.0,3.0,3.0,1.0,0.0,0.0,1.0,0.0,0.0,1.0,1.0,1.0,1.0,0.0,0.0,1.0,1.0,1.0,1.0,1.0,1.0,1.0,1.0,1.0,1.0,1.0,1.0,1.0
464.0,Locked,Enable,2.0,2018-01-22 10:02:00,Guede village,Ndiawar,-14.842574155362 | 16.571636115769,no,292.0,0.2328767123287671,0.0,292.0,45.955479452054796,45.5,292.0,16.47945205479452,15.0,292.0,0.9897260273972602,1.0,292.0,0.11301369863013698,0.0,292.0,0.2602739726027397,0.0,292.0,0.003424657534246575,0.0,292.0,5.197231833910035,5.0,289.0,1.7636986301369864,1.0,292.0,3.3424657534246576,3.0,292.0,1.7705479452054795,1.5,292.0,0.8615916955017301,0.0,289.0,1.1855670103092784,1.0,291.0,0.08904109589041095,0.0,292.0,1.3287671232876712,1.0,292.0,1.034364261168385,1.0,291.0,3.0,3.0,292.0,1.547945205479452,2.0,292.0,0.2705479452054795,0.0,292.0,0.3649122807017544,0.0,285.0,0.28719723183391005,0.0,289.0,84419.49411764706,75000.0,85.0,7.0,7.0,80.0,513.6986301369863,0.0,292.0,513.6986301369863,0.0,292.0,0.006172839506172839,0.0,162.0,0.48598130841121495,0.0,214.0,19315.068493150684,0.0,292.0,3.4261168384879723,3.0,291.0,87042.63573883161,80000.0,291.0,1.928082191780822,2.0,292.0,1.8694158075601375,2.0,291.0,0.2979452054794521,0.0,292.0,1.0,1.0,291.0,1.529209621993127,2.0,291.0,3.9035714285714285,4.0,280.0,1.429553264604811,1.0,291.0,122.76027397260275,125.0,292.0,1.1232876712328768,1.0,292.0,0.34965635738831574,0.36,291.0,0.3313566081354545,0.2928571428571428,260.0,1.4115384615384616,1.0,260.0,1.0856164383561644,1.0,292.0,0.702054794520548,1.0,292.0,176291.09589041097,165000.0,292.0,181897.52650176678,166000.0,283.0,1.4589041095890412,1.0,292.0,0.1095890410958904,0.0,292.0,1.297945205479452,1.0,292.0,2.1472602739726026,2.0,292.0,0.8685121107266436,1.0,289.0,0.9178082191780822,1.0,292.0,0.1972318339100346,0.0,289.0,0.39903846153846156,0.0,208.0,0.2996389891696751,0.0,277.0
465.0,Locked,Enable,2.0,2018-01-22 10:02:00,GuEdE village,MafrE DEcollE,-14.864201510835 | 16.523720874871,no,53.0,0.07547169811320754,0.0,53.0,43.698113207547166,41.0,53.0,13.226415094339623,14.0,53.0,1.1132075471698113,1.0,53.0,0.03773584905660377,0.0,53.0,0.018867924528301886,0.0,53.0,0.03773584905660377,0.0,53.0,4.60377358490566,4.0,53.0,1.1320754716981132,1.0,53.0,2.5849056603773586,3.0,53.0,0.9622641509433962,1.0,53.0,0.2692307692307692,0.0,52.0,0.41509433962264153,0.0,53.0,0.0,0.0,53.0,1.4528301886792452,1.0,53.0,1.6226415094339623,2.0,53.0,4.0,4.0,53.0,0.11320754716981132,0.0,53.0,0.11320754716981132,0.0,53.0,0.11320754716981132,0.0,53.0,0.11320754716981132,0.0,53.0,228333.33333333334,175000.0,6.0,13.166666666666666,15.0,6.0,7547.169811320755,0.0,53.0,8679.245283018869,0.0,53.0,0.660377358490566,0.0,53.0,1.0,1.0,53.0,270754.71698113205,250000.0,53.0,4.0,4.0,53.0,44359.43396226415,45000.0,53.0,1.5471698113207548,2.0,53.0,1.5471698113207548,2.0,53.0,1.9433962264150944,2.0,53.0,0.5471698113207547,1.0,53.0,1.26,2.0,50.0,1.9423076923076923,3.0,52.0,1.9056603773584906,2.0,53.0,132.54716981132074,125.0,53.0,1.0,1.0,53.0,0.24981132075471713,0.4,53.0,0.19669701213818866,0.1875,51.0,0.9215686274509803,1.0,51.0,0.9245283018867925,1.0,53.0,0.6981132075471698,1.0,53.0,95283.01886792453,100000.0,53.0,95283.01886792453,100000.0,53.0,0.7924528301886793,1.0,53.0,0.0,0.0,53.0,0.8867924528301887,1.0,53.0,1.8867924528301887,2.0,53.0,0.8301886792452831,1.0,53.0,1.0754716981132075,1.0,53.0,0.0,0.0,53.0,0.06382978723404255,0.0,47.0,0.11320754716981132,0.0,53.0
488.0,Locked,Enable,2.0,2018-01-22 10:03:00,DOUMGA,WORDE,-14.320353333333 | 16.402286666667,no,56.0,0.21428571428571427,0.0,56.0,50.25,51.5,56.0,22.732142857142858,20.5,56.0,1.1607142857142858,1.0,56.0,0.32142857142857145,0.0,56.0,0.5,0.5,56.0,0.017857142857142856,0.0,56.0,7.178571428571429,7.0,56.0,1.6964285714285714,1.0,56.0,2.642857142857143,2.0,56.0,1.6607142857142858,2.0,56.0,1.375,1.0,56.0,1.1964285714285714,1.0,56.0,0.07142857142857142,0.0,56.0,1.1428571428571428,1.0,56.0,0.9464285714285714,1.0,56.0,0.75,0.0,56.0,0.4642857142857143,0.0,56.0,0.16071428571428573,0.0,56.0,0.017857142857142856,0.0,56.0,0.021739130434782608,0.0,46.0,300000.0,300000.0,1.0,7.181818181818182,7.0,11.0,34375.0,0.0,56.0,34732.142857142855,0.0,56.0,0.6086956521739131,0.0,46.0,0.18181818181818182,0.0,55.0,83928.57142857143,0.0,56.0,4.0,4.0,56.0,159027.125,150000.0,56.0,1.1818181818181819,1.0,55.0,1.0357142857142858,1.0,56.0,1.9107142857142858,2.0,56.0,1.0,1.0,56.0,1.0357142857142858,1.0,56.0,3.5272727272727273,4.0,55.0,1.7454545454545454,2.0,55.0,266.07142857142856,300.0,56.0,1.125,1.0,56.0,0.7492857142857144,0.6,56.0,0.25242049617049617,0.25,52.0,1.0769230769230769,1.0,52.0,1.0892857142857142,1.0,56.0,0.6964285714285714,1.0,56.0,308035.71428571426,300000.0,56.0,308035.71428571426,300000.0,56.0,2.125,2.0,56.0,0.125,0.0,56.0,2.0714285714285716,2.0,56.0,2.5357142857142856,3.0,56.0,1.2678571428571428,1.0,56.0,1.0535714285714286,1.0,56.0,0.0,0.0,52.0,1.0476190476190477,1.0,42.0,0.021739130434782608,0.0,46.0
,,,,,,,,,1.0,0.0,0.0,1.0,68.0,68.0,1.0,30.0,30.0,1.0,4.0,4.0,1.0,1.0,1.0,1.0,0.0,0.0,1.0,0.0,0.0,1.0,10.0,10.0,1.0,0.0,0.0,1.0,3.0,3.0,1.0,4.0,4.0,1.0,3.0,3.0,1.0,1.0,1.0,1.0,0.0,0.0,1.0,0.0,0.0,1.0,0.0,0.0,1.0,3.0,3.0,1.0,1.0,1.0,1.0,1.0,1.0,1.0,0.0,0.0,1.0,0.0,0.0,1.0,,,0.0,,,0.0,0.0,0.0,1.0,0.0,0.0,1.0,0.0,0.0,1.0,0.0,0.0,1.0,0.0,0.0,1.0,4.0,4.0,1.0,200000.0,200000.0,1.0,2.0,2.0,1.0,2.0,2.0,1.0,2.0,2.0,1.0,1.0,1.0,1.0,1.0,1.0,1.0,4.0,4.0,1.0,2.0,2.0,1.0,200.0,200.0,1.0,3.0,3.0,1.0,2.0,2.0,1.0,0.4,0.4,1.0,2.0,2.0,1.0,1.0,1.0,1.0,0.0,0.0,1.0,400000.0,400000.0,1.0,400000.0,400000.0,1.0,3.0,3.0,1.0,1.0,1.0,1.0,3.0,3.0,1.0,4.0,4.0,1.0,2.0,2.0,1.0,2.0,2.0,1.0,0.0,0.0,1.0,1.0,1.0,1.0,0.0,0.0,1.0
,,,,,,,,,1.0,0.0,0.0,1.0,68.0,68.0,1.0,25.0,25.0,1.0,4.0,4.0,1.0,1.0,1.0,1.0,0.0,0.0,1.0,0.0,0.0,1.0,12.0,12.0,1.0,0.0,0.0,1.0,2.0,2.0,1.0,0.0,0.0,1.0,3.0,3.0,1.0,1.0,1.0,1.0,0.0,0.0,1.0,0.0,0.0,1.0,0.0,0.0,1.0,3.0,3.0,1.0,0.0,0.0,1.0,1.0,1.0,1.0,0.0,0.0,1.0,0.0,0.0,1.0,,,0.0,,,0.0,0.0,0.0,1.0,0.0,0.0,1.0,,,0.0,,,0.0,0.0,0.0,1.0,4.0,4.0,1.0,200000.0,200000.0,1.0,2.0,2.0,1.0,2.0,2.0,1.0,2.0,2.0,1.0,1.0,1.0,1.0,2.0,2.0,1.0,4.0,4.0,1.0,2.0,2.0,1.0,200.0,200.0,1.0,3.0,3.0,1.0,,,0.0,0.0,0.0,1.0,0.0,0.0,1.0,1.0,1.0,1.0,0.0,0.0,1.0,0.0,0.0,1.0,,,0.0,0.0,0.0,1.0,1.0,1.0,1.0,2.0,2.0,1.0,4.0,4.0,1.0,2.0,2.0,1.0,2.0,2.0,1.0,0.0,0.0,1.0,1.0,1.0,1.0,0.0,0.0,1.0
,,,,,,,,,1.0,0.0,0.0,1.0,72.0,72.0,1.0,35.0,35.0,1.0,2.0,2.0,1.0,1.0,1.0,1.0,0.0,0.0,1.0,0.0,0.0,1.0,17.0,17.0,1.0,0.0,0.0,1.0,0.0,0.0,1.0,1.0,1.0,1.0,3.0,3.0,1.0,2.0,2.0,1.0,0.0,0.0,1.0,2.0,2.0,1.0,2.0,2.0,1.0,3.0,3.0,1.0,1.0,1.0,1.0,1.0,1.0,1.0,1.0,1.0,1.0,1.0,1.0,1.0,1000000.0,1000000.0,1.0,,,0.0,200000.0,200000.0,1.0,250000.0,250000.0,1.0,0.0,0.0,1.0,0.0,0.0,1.0,0.0,0.0,1.0,4.0,4.0,1.0,200000.0,200000.0,1.0,2.0,2.0,1.0,2.0,2.0,1.0,2.0,2.0,1.0,1.0,1.0,1.0,2.0,2.0,1.0,4.0,4.0,1.0,2.0,2.0,1.0,200.0,200.0,1.0,2.0,2.0,1.0,,,0.0,0.058823529411764705,0.058823529411764705,1.0,0.0,0.0,1.0,0.0,0.0,1.0,0.0,0.0,1.0,800000.0,800000.0,1.0,800000.0,800000.0,1.0,3.0,3.0,1.0,1.0,1.0,1.0,3.0,3.0,1.0,4.0,4.0,1.0,2.0,2.0,1.0,2.0,2.0,1.0,,,0.0,1.0,1.0,1.0,1.0,1.0,1.0
498.0,Locked,Enable,2.0,2018-01-22 10:02:00,Doumga,koylel,-14.303083333333 | 16.444846666667,no,48.0,0.25,0.0,48.0,50.520833333333336,53.5,48.0,20.645833333333332,20.0,48.0,1.0416666666666667,1.0,48.0,0.041666666666666664,0.0,48.0,0.2708333333333333,0.0,48.0,0.0,0.0,48.0,5.276595744680851,5.0,47.0,1.2916666666666667,1.0,48.0,2.2708333333333335,2.0,48.0,1.8958333333333333,1.0,48.0,2.0434782608695654,1.0,46.0,1.127659574468085,1.0,47.0,0.0851063829787234,0.0,47.0,0.7021276595744681,1.0,47.0,1.3191489361702127,1.0,47.0,3.0625,3.0,48.0,0.0625,0.0,48.0,0.16666666666666666,0.0,48.0,0.1875,0.0,48.0,0.13333333333333333,0.0,45.0,251111.11111111112,150000.0,9.0,7.666666666666667,7.0,6.0,27083.333333333332,0.0,48.0,18541.666666666668,0.0,48.0,0.5454545454545454,0.0,44.0,0.8222222222222222,1.0,45.0,306547.61904761905,200000.0,42.0,4.0,4.0,48.0,56265.95744680851,58000.0,47.0,1.8541666666666667,2.0,48.0,1.8958333333333333,2.0,48.0,1.4583333333333333,2.0,48.0,1.0,1.0,48.0,1.875,2.0,48.0,3.4130434782608696,4.0,46.0,1.375,2.0,48.0,129.8913043478261,125.0,46.0,1.3125,1.0,48.0,0.8693750000000001,0.89,48.0,0.2930105125227076,0.2,41.0,1.1951219512195121,1.0,41.0,0.8541666666666666,1.0,48.0,0.5833333333333334,1.0,48.0,252291.66666666666,250000.0,48.0,252291.66666666666,250000.0,48.0,1.8958333333333333,2.0,48.0,0.25,0.0,48.0,1.9166666666666667,2.0,48.0,2.5416666666666665,3.0,48.0,0.9361702127659575,1.0,47.0,0.9375,1.0,48.0,0.08333333333333333,0.0,48.0,0.42857142857142855,0.0,35.0,0.13333333333333333,0.0,45.0
499.0,Locked,Enable,2.0,2018-01-22 09:51:00,AErE Lao,AErE Lao,-14.336396666667 | 16.426381666667,yes,35.0,0.17142857142857143,0.0,35.0,52.885714285714286,52.0,35.0,30.914285714285715,30.0,35.0,0.9714285714285714,1.0,35.0,0.4,0.0,35.0,0.2857142857142857,0.0,35.0,0.0,0.0,35.0,5.828571428571428,6.0,35.0,0.6571428571428571,0.0,35.0,1.8285714285714285,2.0,35.0,2.5142857142857142,2.0,35.0,1.2647058823529411,1.0,34.0,2.0,2.0,35.0,0.5428571428571428,1.0,35.0,1.9142857142857144,2.0,35.0,1.3235294117647058,1.0,34.0,0.3142857142857143,0.0,35.0,0.029411764705882353,0.0,34.0,0.058823529411764705,0.0,34.0,0.38235294117647056,0.0,34.0,0.125,0.0,24.0,240000.0,240000.0,3.0,8.285714285714286,7.0,14.0,45714.28571428572,50000.0,35.0,10285.714285714286,10000.0,35.0,0.0,0.0,35.0,0.0,0.0,34.0,0.0,0.0,35.0,4.0,4.0,35.0,222400.0,230000.0,35.0,0.9142857142857143,1.0,35.0,0.9428571428571428,1.0,35.0,1.6,2.0,35.0,0.9714285714285714,1.0,35.0,1.088235294117647,1.0,34.0,1.3823529411764706,1.0,34.0,1.4857142857142858,2.0,35.0,330.0,350.0,35.0,1.457142857142857,1.0,35.0,0.9799999999999999,1.0,35.0,0.4859307359307359,0.5,33.0,1.9090909090909092,2.0,33.0,0.7714285714285715,1.0,35.0,0.4857142857142857,0.0,35.0,167857.14285714287,120000.0,35.0,189516.12903225806,125000.0,31.0,1.2,1.0,35.0,0.34285714285714286,0.0,35.0,2.5142857142857142,3.0,35.0,2.8,3.0,35.0,1.0285714285714285,1.0,35.0,0.9714285714285714,1.0,35.0,0.0,0.0,34.0,0.8148148148148148,1.0,27.0,0.14285714285714285,0.0,21.0
,,,,,,,,,1.0,0.0,0.0,1.0,58.0,58.0,1.0,40.0,40.0,1.0,1.0,1.0,1.0,0.0,0.0,1.0,0.0,0.0,1.0,0.0,0.0,1.0,8.0,8.0,1.0,2.0,2.0,1.0,4.0,4.0,1.0,6.0,6.0,1.0,2.0,2.0,1.0,2.0,2.0,1.0,1.0,1.0,1.0,2.0,2.0,1.0,1.0,1.0,1.0,1.0,1.0,1.0,0.0,0.0,1.0,0.0,0.0,1.0,0.0,0.0,1.0,0.0,0.0,1.0,,,0.0,,,0.0,0.0,0.0,1.0,0.0,0.0,1.0,0.0,0.0,1.0,,,0.0,0.0,0.0,1.0,4.0,4.0,1.0,55000.0,55000.0,1.0,1.0,1.0,1.0,2.0,2.0,1.0,0.0,0.0,1.0,1.0,1.0,1.0,1.0,1.0,1.0,,,0.0,,,0.0,300.0,300.0,1.0,5.0,5.0,1.0,,,0.0,0.75,0.75,1.0,3.0,3.0,1.0,1.0,1.0,1.0,1.0,1.0,1.0,0.0,0.0,1.0,,,0.0,0.0,0.0,1.0,2.0,2.0,1.0,3.0,3.0,1.0,3.0,3.0,1.0,2.0,2.0,1.0,1.0,1.0,1.0,0.0,0.0,1.0,0.0,0.0,1.0,0.0,0.0,1.0
,,,,,,,,,1.0,0.0,0.0,1.0,57.0,57.0,1.0,9.0,9.0,1.0,2.0,2.0,1.0,1.0,1.0,1.0,0.0,0.0,1.0,0.0,0.0,1.0,0.0,0.0,1.0,9.0,9.0,1.0,0.0,0.0,1.0,0.0,0.0,1.0,1.0,1.0,1.0,2.0,2.0,1.0,1.0,1.0,1.0,2.0,2.0,1.0,2.0,2.0,1.0,3.0,3.0,1.0,2.0,2.0,1.0,2.0,2.0,1.0,2.0,2.0,1.0,,,0.0,320000.0,320000.0,1.0,,,0.0,0.0,0.0,1.0,0.0,0.0,1.0,0.0,0.0,1.0,,,0.0,0.0,0.0,1.0,4.0,4.0,1.0,320000.0,320000.0,1.0,2.0,2.0,1.0,2.0,2.0,1.0,0.0,0.0,1.0,1.0,1.0,1.0,0.0,0.0,1.0,1.0,1.0,1.0,2.0,2.0,1.0,125.0,125.0,1.0,1.0,1.0,1.0,,,0.0,,,0.0,,,0.0,0.0,0.0,1.0,2.0,2.0,1.0,450000.0,450000.0,1.0,450000.0,450000.0,1.0,3.0,3.0,1.0,0.0,0.0,1.0,0.0,0.0,1.0,3.0,3.0,1.0,0.0,0.0,1.0,2.0,2.0,1.0,0.0,0.0,1.0,1.0,1.0,1.0,,,0.0
558.0,Locked,Enable,2.0,2018-01-22 09:48:00,Aere  lao,Aere   barobe,-14.320658333333 | 16.402395,yes,99.0,0.0707070707070707,0.0,99.0,53.27272727272727,53.0,99.0,15.555555555555555,16.0,99.0,1.121212121212121,1.0,99.0,0.4444444444444444,0.0,99.0,0.030303030303030304,0.0,99.0,0.010101010101010102,0.0,99.0,6.708333333333333,6.0,96.0,1.3434343434343434,0.0,99.0,1.9898989898989898,0.0,99.0,3.121212121212121,2.0,99.0,1.1789473684210525,1.0,95.0,1.7171717171717171,2.0,99.0,0.6666666666666666,1.0,99.0,1.7373737373737375,2.0,99.0,0.30612244897959184,0.0,98.0,3.0306122448979593,3.0,98.0,0.10101010101010101,0.0,99.0,1.010204081632653,1.0,98.0,1.878787878787879,2.0,99.0,1.0,1.0,95.0,316161.61616161617,320000.0,99.0,5.410526315789474,5.0,95.0,29494.949494949495,0.0,99.0,25353.535353535353,0.0,99.0,0.01020408163265306,0.0,98.0,0.6701030927835051,1.0,97.0,53989.89898989899,50000.0,99.0,4.0,4.0,98.0,352959.595959596,370000.0,99.0,1.9591836734693877,2.0,98.0,1.9898989898989898,2.0,99.0,1.9595959595959596,2.0,99.0,1.0101010101010102,1.0,99.0,0.020202020202020204,0.0,99.0,0.6938775510204082,1.0,98.0,1.9680851063829787,2.0,94.0,118.23232323232324,120.0,99.0,2.5757575757575757,3.0,99.0,0.956969696969697,0.96,99.0,0.4114636800547504,0.3333333333333333,89.0,1.6741573033707866,2.0,89.0,0.5050505050505051,0.0,99.0,0.48484848484848486,0.0,99.0,241666.66666666666,250000.0,99.0,254521.27659574468,250000.0,94.0,1.8484848484848484,2.0,99.0,0.9797979797979798,1.0,99.0,1.303030303030303,1.0,99.0,2.808080808080808,3.0,99.0,1.125,1.0,96.0,1.0808080808080809,1.0,99.0,0.3541666666666667,0.0,96.0,0.5119047619047619,0.5,84.0,1.0,1.0,95.0
565.0,Locked,Enable,3.0,2018-01-22 10:01:00,Aere Lao,GIE Harankobe,-14.318133333333 | 16.40224,yes,97.0,0.2268041237113402,0.0,97.0,52.95876288659794,52.0,97.0,20.721649484536083,21.0,97.0,0.9484536082474226,1.0,97.0,0.010309278350515464,0.0,97.0,0.010309278350515464,0.0,97.0,0.0,0.0,97.0,7.804123711340206,7.0,97.0,1.0103092783505154,0.0,97.0,3.5463917525773194,4.0,97.0,3.711340206185567,3.0,97.0,1.6288659793814433,1.0,97.0,1.71875,2.0,96.0,0.7525773195876289,1.0,97.0,1.8969072164948453,2.0,97.0,1.309278350515464,1.0,97.0,2.195876288659794,3.0,97.0,0.061855670103092786,0.0,97.0,0.010309278350515464,0.0,97.0,0.07216494845360824,0.0,97.0,0.010869565217391304,0.0,92.0,608333.3333333334,650000.0,6.0,13.0,13.0,1.0,23092.78350515464,0.0,97.0,23505.154639175256,0.0,97.0,0.46808510638297873,0.0,94.0,0.36082474226804123,0.0,97.0,183684.2105263158,0.0,95.0,4.0,4.0,97.0,109762.88659793814,120000.0,97.0,1.9484536082474226,2.0,97.0,1.958762886597938,2.0,97.0,1.8762886597938144,2.0,97.0,1.0,1.0,97.0,1.1443298969072164,1.0,97.0,1.1546391752577319,1.0,97.0,0.8762886597938144,1.0,97.0,124.98958333333333,125.0,96.0,1.041237113402062,1.0,97.0,0.8221855670103092,0.92,97.0,0.4985421011736803,0.5,95.0,2.0736842105263156,2.0,95.0,1.2577319587628866,1.0,97.0,0.5154639175257731,0.0,97.0,227835.05154639174,200000.0,97.0,227835.05154639174,200000.0,97.0,1.8865979381443299,2.0,97.0,0.041237113402061855,0.0,97.0,1.9690721649484537,2.0,97.0,2.6391752577319587,3.0,97.0,1.3608247422680413,1.0,97.0,0.8865979381443299,1.0,97.0,0.11458333333333333,0.0,96.0,0.028985507246376812,0.0,69.0,0.01098901098901099,0.0,91.0
567.0,Locked,Enable,3.0,2018-01-22 09:52:00,Ross bEtio,Sope Mame Saer Malene Gaye,-16.137521666667 | 16.277925,no,1.0,0.0,0.0,1.0,55.0,55.0,1.0,40.0,40.0,1.0,1.0,1.0,1.0,1.0,1.0,1.0,0.0,0.0,1.0,0.0,0.0,1.0,3.0,3.0,1.0,0.0,0.0,1.0,0.0,0.0,1.0,3.0,3.0,1.0,3.0,3.0,1.0,2.0,2.0,1.0,1.0,1.0,1.0,2.0,2.0,1.0,1.0,1.0,1.0,4.0,4.0,1.0,1.0,1.0,1.0,0.0,0.0,1.0,1.0,1.0,1.0,1.0,1.0,1.0,,,0.0,13.0,13.0,1.0,0.0,0.0,1.0,0.0,0.0,1.0,,,0.0,1.0,1.0,1.0,200000.0,200000.0,1.0,4.0,4.0,1.0,,,0.0,2.0,2.0,1.0,2.0,2.0,1.0,2.0,2.0,1.0,0.0,0.0,1.0,,,0.0,,,0.0,0.0,0.0,1.0,125.0,125.0,1.0,2.0,2.0,1.0,,,0.0,1.0,1.0,1.0,3.0,3.0,1.0,0.0,0.0,1.0,0.0,0.0,1.0,300000.0,300000.0,1.0,300000.0,300000.0,1.0,2.0,2.0,1.0,1.0,1.0,1.0,3.0,3.0,1.0,3.0,3.0,1.0,0.0,0.0,1.0,1.0,1.0,1.0,1.0,1.0,1.0,1.0,1.0,1.0,1.0,1.0,1.0
574.0,Locked,Enable,2.0,2018-01-22 10:01:00,Aere Lao,Oudou,-14.321595 | 16.399786666667,no,33.0,0.12121212121212122,0.0,33.0,54.24242424242424,55.0,33.0,28.606060606060606,29.0,33.0,1.606060606060606,2.0,33.0,0.8484848484848485,1.0,33.0,0.09090909090909091,0.0,33.0,0.0,0.0,33.0,7.242424242424242,7.0,33.0,1.7575757575757576,1.0,33.0,2.3333333333333335,2.0,33.0,2.272727272727273,2.0,33.0,1.65625,1.0,32.0,1.2121212121212122,1.0,33.0,0.06060606060606061,0.0,33.0,1.6666666666666667,2.0,33.0,1.0,1.0,33.0,2.909090909090909,3.0,33.0,0.48484848484848486,0.0,33.0,0.03125,0.0,32.0,0.15151515151515152,0.0,33.0,0.15151515151515152,0.0,33.0,400000.0,400000.0,5.0,7.0,7.0,5.0,71212.12121212122,0.0,33.0,68939.39393939394,0.0,33.0,1.0588235294117647,2.0,17.0,0.8787878787878788,1.0,33.0,496666.6666666667,500000.0,30.0,4.0,4.0,33.0,260000.0,300000.0,33.0,1.9090909090909092,2.0,33.0,1.878787878787879,2.0,33.0,2.0,2.0,33.0,1.0,1.0,33.0,1.0606060606060606,1.0,33.0,2.9393939393939394,3.0,33.0,2.0,2.0,33.0,216.66666666666666,200.0,33.0,1.0,1.0,33.0,1.146060606060606,0.96,33.0,0.3261059253246753,0.2857142857142857,32.0,1.46875,1.0,32.0,0.9696969696969697,1.0,33.0,0.8787878787878788,1.0,33.0,540612.1212121212,600000.0,33.0,557506.25,600000.0,32.0,2.757575757575758,3.0,33.0,0.0,0.0,33.0,2.4242424242424243,3.0,33.0,2.787878787878788,3.0,33.0,1.393939393939394,1.0,33.0,1.5151515151515151,2.0,33.0,0.0,0.0,33.0,1.0333333333333334,1.0,30.0,0.15151515151515152,0.0,33.0
579.0,Locked,Enable,3.0,2018-01-22 09:48:00,AErE lao,Ndome,-14.320675 | 16.402363333333,yes,63.0,0.015873015873015872,0.0,63.0,54.36507936507937,56.0,63.0,32.698412698412696,32.0,63.0,1.1746031746031746,1.0,63.0,0.5396825396825397,1.0,63.0,0.06349206349206349,0.0,63.0,0.0,0.0,63.0,7.428571428571429,7.0,63.0,0.9523809523809523,1.0,63.0,2.0952380952380953,2.0,63.0,3.0317460317460316,4.0,63.0,0.9508196721311475,1.0,61.0,2.0,2.0,63.0,0.14285714285714285,0.0,63.0,1.9841269841269842,2.0,63.0,1.0793650793650793,1.0,63.0,0.0,0.0,63.0,0.015873015873015872,0.0,63.0,0.015873015873015872,0.0,63.0,0.3333333333333333,0.0,63.0,0.10204081632653061,0.0,49.0,234000.0,230000.0,5.0,9.578947368421053,10.0,19.0,49206.34920634921,50000.0,63.0,12460.317460317461,10000.0,63.0,0.0,0.0,63.0,0.0,0.0,63.0,952.3809523809524,0.0,63.0,4.0,4.0,63.0,221944.44444444444,230000.0,63.0,1.0,1.0,63.0,1.0,1.0,63.0,2.0,2.0,63.0,1.0,1.0,63.0,1.0317460317460319,1.0,63.0,1.380952380952381,1.0,63.0,2.0,2.0,63.0,350.0,350.0,63.0,1.0,1.0,63.0,0.9142857142857144,1.0,63.0,0.3838023323192814,0.4,59.0,1.7118644067796611,2.0,59.0,0.9047619047619048,1.0,63.0,0.6666666666666666,1.0,63.0,150333.33333333334,150000.0,63.0,152758.06451612903,150000.0,62.0,1.3333333333333333,1.0,63.0,0.0,0.0,63.0,2.507936507936508,3.0,63.0,2.857142857142857,3.0,63.0,1.2063492063492063,1.0,63.0,1.1746031746031746,1.0,63.0,0.0,0.0,61.0,0.631578947368421,1.0,57.0,0.1111111111111111,0.0,45.0
582.0,Locked,Enable,2.0,2018-01-22 09:47:00,Diama,Rhone,-16.29736 | 16.330881666667,no,28.0,0.1111111111111111,0.0,27.0,53.26923076923077,50.0,26.0,6.555555555555555,2.0,27.0,1.0,1.0,28.0,0.03571428571428571,0.0,28.0,0.0,0.0,28.0,0.0,0.0,28.0,5.214285714285714,6.0,28.0,1.3928571428571428,1.0,28.0,2.392857142857143,2.0,28.0,2.8214285714285716,2.0,28.0,0.6521739130434783,0.0,23.0,1.6428571428571428,2.0,28.0,0.4642857142857143,0.0,28.0,0.0,0.0,28.0,1.0,1.0,28.0,4.0,4.0,28.0,0.0,0.0,28.0,0.0,0.0,28.0,0.07407407407407407,0.0,27.0,0.03571428571428571,0.0,28.0,417392.0,417392.0,1.0,7.0,7.0,1.0,0.0,0.0,28.0,0.0,0.0,28.0,,,0.0,0.9166666666666666,1.0,24.0,41250.0,50000.0,28.0,4.0,4.0,28.0,49322.769230769234,0.0,26.0,2.0,2.0,28.0,2.0,2.0,28.0,2.0,2.0,28.0,0.8928571428571429,1.0,28.0,1.32,1.0,25.0,2.0,2.0,25.0,2.0,2.0,28.0,97.14285714285714,125.0,28.0,1.0714285714285714,1.0,28.0,1.5334615384615387,1.0,26.0,0.5578296703296703,0.5714285714285714,26.0,2.230769230769231,3.0,26.0,0.9285714285714286,1.0,28.0,0.6428571428571429,1.0,28.0,0.0,0.0,28.0,,,0.0,0.0,0.0,28.0,0.07142857142857142,0.0,28.0,0.37037037037037035,0.0,27.0,2.6538461538461537,3.0,26.0,0.8571428571428571,1.0,28.0,0.9642857142857143,1.0,28.0,0.07692307692307693,0.0,26.0,0.04,0.0,25.0,0.038461538461538464,0.0,26.0
583.0,Locked,Enable,2.0,2018-01-22 09:47:00,Ross betio,GIE Jef Jel,-16.137861666667 | 16.2787,,18.0,0.9444444444444444,1.0,18.0,42.411764705882355,38.0,17.0,3.388888888888889,2.0,18.0,0.1111111111111111,0.0,18.0,0.0,0.0,18.0,0.0,0.0,18.0,0.0,0.0,18.0,3.9444444444444446,3.5,18.0,1.0,1.0,18.0,1.6666666666666667,0.5,18.0,1.1111111111111112,0.5,18.0,1.4285714285714286,0.5,14.0,1.9444444444444444,2.0,18.0,0.9444444444444444,1.0,18.0,2.0,2.0,18.0,1.0,1.0,18.0,4.0,4.0,18.0,0.0,0.0,18.0,0.0,0.0,18.0,0.1111111111111111,0.0,18.0,0.05555555555555555,0.0,18.0,,,0.0,7.0,7.0,1.0,0.0,0.0,18.0,0.0,0.0,18.0,0.2,0.0,5.0,0.9444444444444444,1.0,18.0,61111.11111111111,50000.0,18.0,4.0,4.0,18.0,99644.23529411765,105872.0,17.0,2.0,2.0,18.0,2.0,2.0,18.0,2.0,2.0,18.0,1.0,1.0,18.0,2.7777777777777777,3.0,18.0,3.7222222222222223,4.0,18.0,2.0,2.0,18.0,38.333333333333336,0.0,18.0,1.1111111111111112,1.0,18.0,0.5833333333333334,0.5,18.0,0.3254901960784314,0.2,17.0,1.2941176470588236,1.0,17.0,0.6666666666666666,0.5,18.0,0.6111111111111112,1.0,18.0,0.0,0.0,18.0,,,0.0,0.0,0.0,18.0,0.1111111111111111,0.0,18.0,0.0,0.0,18.0,1.7647058823529411,1.0,17.0,0.6666666666666666,0.5,18.0,0.1111111111111111,0.0,18.0,0.47058823529411764,0.0,17.0,0.0,0.0,2.0,0.058823529411764705,0.0,17.0
613.0,Locked,Enable,2.0,2018-01-22 09:45:00,Aere lao,GIE thioyebe,-14.318375 | 16.397215,yes,89.0,0.2696629213483146,0.0,89.0,48.19101123595506,49.0,89.0,20.741573033707866,21.0,89.0,1.0337078651685394,1.0,89.0,0.0,0.0,89.0,0.0,0.0,89.0,0.0,0.0,89.0,8.51764705882353,8.0,85.0,2.4719101123595504,2.0,89.0,4.842696629213483,4.0,89.0,2.393258426966292,2.0,89.0,1.9325842696629214,1.0,89.0,1.4943820224719102,2.0,89.0,0.3595505617977528,0.0,89.0,1.9550561797752808,2.0,89.0,1.0344827586206897,1.0,87.0,2.966292134831461,3.0,89.0,0.02247191011235955,0.0,89.0,0.0,0.0,89.0,0.06741573033707865,0.0,89.0,0.012048192771084338,0.0,83.0,488000.0,500000.0,5.0,7.0,7.0,1.0,0.0,0.0,89.0,0.0,0.0,89.0,0.011904761904761904,0.0,84.0,0.7528089887640449,1.0,89.0,299382.7160493827,300000.0,81.0,2.0689655172413794,2.5,58.0,988.7640449438202,0.0,89.0,0.9142857142857143,1.0,70.0,0.8985507246376812,1.0,69.0,1.9662921348314606,2.0,89.0,0.9887640449438202,1.0,89.0,0.3595505617977528,0.0,89.0,0.29213483146067415,0.0,89.0,0.6136363636363636,1.0,88.0,125.0,125.0,89.0,0.9887640449438202,1.0,89.0,0.629775280898876,0.6,89.0,0.27899513788787134,0.2,85.0,1.2,1.0,85.0,1.4719101123595506,1.0,89.0,1.0112359550561798,1.0,89.0,237696.62921348316,250000.0,89.0,240397.72727272726,250000.0,88.0,1.9438202247191012,2.0,89.0,0.0,0.0,89.0,1.9775280898876404,2.0,89.0,2.359550561797753,2.0,89.0,1.4588235294117646,2.0,85.0,0.9438202247191011,1.0,89.0,0.03409090909090909,0.0,88.0,0.0,0.0,61.0,0.012048192771084338,0.0,83.0
617.0,Locked,Enable,2.0,2018-01-22 09:44:00,GuEdE Village,Gawde Bofe,-14.918221666667 | 16.200243333333,no,33.0,0.24242424242424243,0.0,33.0,51.57575757575758,55.0,33.0,13.424242424242424,14.0,33.0,1.0606060606060606,1.0,33.0,0.06060606060606061,0.0,33.0,0.0,0.0,33.0,0.0,0.0,33.0,6.21875,6.5,32.0,0.9696969696969697,1.0,33.0,3.484848484848485,4.0,33.0,1.7272727272727273,1.0,33.0,0.3939393939393939,0.0,33.0,1.1515151515151516,1.0,33.0,0.0,0.0,33.0,1.0,1.0,33.0,1.1818181818181819,1.0,33.0,4.0,4.0,33.0,0.06060606060606061,0.0,33.0,0.06060606060606061,0.0,33.0,0.06060606060606061,0.0,33.0,0.0625,0.0,32.0,125000.0,125000.0,3.0,7.0,7.0,2.0,0.0,0.0,33.0,0.0,0.0,33.0,0.48484848484848486,0.0,33.0,1.0,1.0,33.0,268939.3939393939,250000.0,33.0,3.4838709677419355,4.0,31.0,36424.242424242424,50000.0,33.0,1.7142857142857142,2.0,28.0,1.75,2.0,28.0,1.9393939393939394,2.0,33.0,0.6666666666666666,1.0,33.0,1.9090909090909092,2.0,22.0,2.5,3.0,22.0,1.9393939393939394,2.0,33.0,154.54545454545453,150.0,33.0,1.0,1.0,33.0,0.09090909090909091,0.0,33.0,0.2220238095238095,0.225,32.0,1.03125,1.0,32.0,1.2727272727272727,1.0,33.0,0.5454545454545454,1.0,33.0,88787.87878787878,75000.0,33.0,88787.87878787878,75000.0,33.0,1.0303030303030303,1.0,33.0,0.0,0.0,33.0,1.0,1.0,33.0,2.6363636363636362,3.0,33.0,1.15625,1.0,32.0,0.9696969696969697,1.0,33.0,0.0,0.0,33.0,0.08,0.0,25.0,0.0625,0.0,32.0
618.0,Locked,Enable,2.0,2018-01-22 09:45:00,Diama,Diadiem,-16.2767 | 16.3495,no,31.0,0.2413793103448276,0.0,29.0,45.7,48.0,30.0,12.580645161290322,10.0,31.0,1.1290322580645162,1.0,31.0,0.03225806451612903,0.0,31.0,0.0,0.0,31.0,0.0,0.0,31.0,5.32258064516129,6.0,31.0,0.967741935483871,1.0,31.0,3.032258064516129,3.0,31.0,2.870967741935484,2.0,31.0,2.4210526315789473,3.0,19.0,1.4,2.0,30.0,0.7931034482758621,1.0,29.0,0.25,0.0,28.0,1.0689655172413792,1.0,29.0,3.966666666666667,4.0,30.0,0.16666666666666666,0.0,30.0,0.1,0.0,30.0,0.6551724137931034,1.0,29.0,0.0967741935483871,0.0,31.0,1000000.0,1000000.0,1.0,7.0,7.0,3.0,0.0,0.0,31.0,0.0,0.0,31.0,0.0,0.0,2.0,0.8636363636363636,1.0,22.0,54838.709677419356,50000.0,31.0,4.0,4.0,30.0,58833.333333333336,0.0,30.0,1.9666666666666666,2.0,30.0,1.9666666666666666,2.0,30.0,1.9333333333333333,2.0,30.0,1.0666666666666667,1.0,30.0,1.2,1.0,30.0,2.066666666666667,2.0,30.0,1.9666666666666666,2.0,30.0,100.80645161290323,125.0,31.0,0.8064516129032258,1.0,31.0,1.7038709677419357,1.0,31.0,0.5022283272283273,0.5,26.0,1.9615384615384615,2.0,26.0,1.032258064516129,1.0,31.0,0.6129032258064516,1.0,31.0,38709.67741935484,0.0,31.0,400000.0,500000.0,3.0,0.25806451612903225,0.0,31.0,0.16129032258064516,0.0,31.0,1.032258064516129,1.0,31.0,1.9666666666666666,2.0,30.0,1.0,1.0,31.0,1.0,1.0,31.0,0.1724137931034483,0.0,29.0,0.047619047619047616,0.0,21.0,0.21428571428571427,0.0,14.0
621.0,Locked,Enable,3.0,2018-01-22 09:47:00,DOUMGA,AERE POST,-14.327525 | 16.455776666667,no,79.0,0.17721518987341772,0.0,79.0,54.139240506329116,54.0,79.0,27.329113924050635,29.0,79.0,1.1139240506329113,1.0,79.0,0.7215189873417721,1.0,79.0,0.02531645569620253,0.0,79.0,0.012658227848101266,0.0,79.0,8.341772151898734,8.0,79.0,1.3544303797468353,2.0,79.0,3.050632911392405,3.0,79.0,2.518987341772152,2.0,79.0,1.5443037974683544,1.0,79.0,1.0379746835443038,1.0,79.0,0.0,0.0,79.0,1.1265822784810127,2.0,79.0,0.9873417721518988,1.0,79.0,3.037974683544304,3.0,79.0,0.9746835443037974,1.0,79.0,0.02531645569620253,0.0,79.0,0.06329113924050633,0.0,79.0,0.038461538461538464,0.0,78.0,433333.3333333333,400000.0,3.0,7.75,7.0,4.0,202670.88607594935,200000.0,79.0,227734.17721518988,210000.0,79.0,1.9610389610389611,2.0,77.0,0.6282051282051282,1.0,78.0,354210.5263157895,300000.0,76.0,4.0,4.0,79.0,249227.84810126582,300000.0,79.0,2.0,2.0,79.0,1.9493670886075949,2.0,79.0,2.0,2.0,79.0,1.0,1.0,79.0,1.0379746835443038,1.0,79.0,2.9746835443037973,3.0,79.0,2.0,2.0,79.0,208.22784810126583,200.0,79.0,1.0,1.0,79.0,0.730253164556962,0.9,79.0,0.31597042198308006,0.2857142857142857,79.0,1.4430379746835442,1.0,79.0,1.0886075949367089,1.0,79.0,0.7468354430379747,1.0,79.0,491962.0253164557,500000.0,79.0,498269.23076923075,500000.0,78.0,2.8860759493670884,3.0,79.0,0.0,0.0,79.0,2.4177215189873418,3.0,79.0,2.8227848101265822,3.0,79.0,1.5949367088607596,2.0,79.0,1.0886075949367089,1.0,79.0,0.0,0.0,79.0,0.9672131147540983,1.0,61.0,0.039473684210526314,0.0,76.0
627.0,Locked,Enable,2.0,2018-01-22 09:48:00,AErE lao,DID...L,-14.321883333333 | 16.402788333333,yes,73.0,0.0684931506849315,0.0,73.0,53.10958904109589,53.0,73.0,29.753424657534246,30.0,73.0,0.958904109589041,1.0,73.0,0.4383561643835616,0.0,73.0,0.0136986301369863,0.0,73.0,0.0,0.0,73.0,6.041095890410959,6.0,73.0,0.726027397260274,1.0,73.0,2.0547945205479454,2.0,73.0,2.958904109589041,3.0,73.0,1.0138888888888888,1.0,72.0,2.0,2.0,73.0,0.2602739726027397,0.0,73.0,2.0,2.0,73.0,1.095890410958904,1.0,73.0,0.0,0.0,73.0,0.0547945205479452,0.0,73.0,0.0,0.0,73.0,1.8630136986301369,2.0,73.0,0.6774193548387096,1.0,62.0,212619.04761904763,225000.0,42.0,10.18867924528302,10.0,53.0,49315.068493150684,50000.0,73.0,13287.671232876712,10000.0,73.0,0.0,0.0,73.0,0.0,0.0,73.0,3287.671232876712,0.0,73.0,4.0,4.0,73.0,235712.32876712328,245000.0,73.0,1.0,1.0,73.0,1.0,1.0,73.0,2.0,2.0,73.0,1.0,1.0,73.0,1.0,1.0,73.0,1.095890410958904,1.0,73.0,2.0,2.0,73.0,343.83561643835617,350.0,73.0,1.0,1.0,73.0,0.6973972602739725,0.7,73.0,0.49054556554556555,0.5,66.0,2.212121212121212,2.0,66.0,0.9178082191780822,1.0,73.0,0.6027397260273972,1.0,73.0,172616.43835616438,85000.0,73.0,172616.43835616438,85000.0,73.0,1.1643835616438356,1.0,73.0,0.0,0.0,73.0,2.4383561643835616,3.0,73.0,2.767123287671233,3.0,73.0,1.0547945205479452,1.0,73.0,0.9452054794520548,1.0,73.0,0.0,0.0,72.0,0.5409836065573771,1.0,61.0,0.8936170212765957,1.0,47.0
630.0,Locked,Enable,2.0,2018-01-22 09:45:00,WALALDE,WALALDE,-14.291928333333 | 16.442285,yes,22.0,0.18181818181818182,0.0,22.0,51.5,52.5,22.0,11.636363636363637,10.0,22.0,1.0,1.0,22.0,0.2727272727272727,0.0,22.0,0.045454545454545456,0.0,22.0,0.045454545454545456,0.0,22.0,5.954545454545454,4.5,22.0,3.0,2.0,22.0,1.0454545454545454,1.0,22.0,1.6363636363636365,1.5,22.0,2.1363636363636362,2.0,22.0,1.0454545454545454,1.0,22.0,0.09090909090909091,0.0,22.0,0.6363636363636364,0.0,22.0,0.18181818181818182,0.0,22.0,3.409090909090909,3.0,22.0,0.045454545454545456,0.0,22.0,0.8636363636363636,1.0,22.0,1.5,2.0,22.0,0.75,1.0,20.0,253176.4705882353,320000.0,17.0,5.4,5.0,15.0,28863.636363636364,0.0,22.0,28863.636363636364,0.0,22.0,0.0,0.0,21.0,1.0,1.0,21.0,90909.09090909091,100000.0,22.0,4.0,4.0,21.0,293619.04761904763,370000.0,21.0,1.6363636363636365,2.0,22.0,1.7727272727272727,2.0,22.0,1.8181818181818181,2.0,22.0,0.7619047619047619,1.0,21.0,0.0,0.0,22.0,0.0,0.0,22.0,1.7727272727272727,2.0,22.0,113.80952380952381,120.0,21.0,1.2272727272727273,1.0,22.0,1.2281818181818183,0.9,22.0,0.27456520088099035,0.2,19.0,1.2105263157894737,1.0,19.0,0.5454545454545454,1.0,22.0,0.8636363636363636,1.0,22.0,149090.9090909091,100000.0,22.0,149090.9090909091,100000.0,22.0,1.1363636363636365,1.0,22.0,0.2727272727272727,0.0,22.0,0.8636363636363636,1.0,22.0,2.6818181818181817,3.0,22.0,0.9545454545454546,1.0,22.0,1.0,1.0,22.0,0.14285714285714285,0.0,21.0,0.3333333333333333,0.0,18.0,0.8333333333333334,1.0,18.0
632.0,Locked,Enable,3.0,2018-01-22 09:48:00,DOUMGA,YARE LAO,-14.3203 | 16.402353333333,yes,7.0,0.42857142857142855,0.0,7.0,56.285714285714285,59.0,7.0,31.142857142857142,25.0,7.0,0.8571428571428571,1.0,7.0,0.2857142857142857,0.0,7.0,0.0,0.0,7.0,0.0,0.0,7.0,6.285714285714286,6.0,7.0,0.42857142857142855,0.0,7.0,2.0,2.0,7.0,2.857142857142857,3.0,7.0,1.8571428571428572,1.0,7.0,2.0,2.0,7.0,0.0,0.0,7.0,2.0,2.0,7.0,1.1428571428571428,1.0,7.0,0.0,0.0,7.0,0.0,0.0,7.0,0.0,0.0,7.0,2.0,2.0,7.0,1.0,1.0,6.0,213333.33333333334,210000.0,6.0,10.0,10.0,7.0,50000.0,50000.0,7.0,10000.0,10000.0,7.0,0.0,0.0,7.0,0.0,0.0,7.0,0.0,0.0,7.0,4.0,4.0,7.0,266428.5714285714,260000.0,7.0,1.0,1.0,7.0,1.0,1.0,7.0,2.0,2.0,7.0,1.0,1.0,7.0,1.0,1.0,7.0,1.0,1.0,7.0,2.0,2.0,7.0,350.0,350.0,7.0,0.8571428571428571,1.0,7.0,0.4642857142857143,0.4,7.0,0.4653061224489795,0.4166666666666667,7.0,2.142857142857143,2.0,7.0,1.0,1.0,7.0,0.2857142857142857,0.0,7.0,84285.71428571429,100000.0,7.0,98333.33333333333,105000.0,6.0,0.7142857142857143,1.0,7.0,0.0,0.0,7.0,2.4285714285714284,2.0,7.0,3.0,3.0,7.0,1.0,1.0,7.0,0.8571428571428571,1.0,7.0,0.0,0.0,7.0,0.5,0.5,4.0,1.0,1.0,6.0
634.0,Locked,Enable,3.0,2018-01-22 09:47:00,AERE LAO,MELEL,-14.32022 | 16.402343333333,yes,23.0,0.0,0.0,23.0,53.130434782608695,56.0,23.0,31.52173913043478,31.0,23.0,0.9130434782608695,1.0,23.0,0.17391304347826086,0.0,23.0,0.0,0.0,23.0,0.0,0.0,23.0,5.260869565217392,6.0,23.0,0.5217391304347826,0.0,23.0,1.7391304347826086,2.0,23.0,2.869565217391304,3.0,23.0,1.0454545454545454,1.0,22.0,2.0,2.0,23.0,0.0,0.0,23.0,2.0,2.0,23.0,1.0869565217391304,1.0,23.0,0.0,0.0,23.0,0.0,0.0,23.0,0.0,0.0,23.0,2.0,2.0,23.0,1.0,1.0,23.0,220434.78260869565,220000.0,23.0,10.0,10.0,23.0,50000.0,50000.0,23.0,11739.130434782608,10000.0,23.0,0.0,0.0,23.0,0.0,0.0,23.0,0.0,0.0,23.0,4.0,4.0,23.0,218260.86956521738,230000.0,23.0,1.0,1.0,23.0,1.0,1.0,23.0,2.0,2.0,23.0,1.0,1.0,23.0,1.0,1.0,23.0,1.0869565217391304,1.0,23.0,2.0,2.0,23.0,350.4347826086956,350.0,23.0,1.0,1.0,23.0,0.8078260869565218,0.9,23.0,0.5407142857142857,0.5714285714285714,20.0,2.55,3.0,20.0,0.8695652173913043,1.0,23.0,0.4782608695652174,0.0,23.0,87826.08695652174,85000.0,23.0,91818.18181818182,87500.0,22.0,0.8695652173913043,1.0,23.0,0.0,0.0,23.0,2.4347826086956523,3.0,23.0,2.6956521739130435,3.0,23.0,0.9565217391304348,1.0,23.0,0.9130434782608695,1.0,23.0,0.0,0.0,23.0,0.2,0.0,20.0,1.0,1.0,23.0
639.0,Locked,Enable,2.0,2018-01-22 09:46:00,DOUMNGUA   LAO,DIAYNGUA  PEULH,-14.315703333333 | 16.386791666667,yes,62.0,0.04838709677419355,0.0,62.0,50.38709677419355,49.0,62.0,12.274193548387096,10.0,62.0,1.3064516129032258,1.0,62.0,0.0,0.0,62.0,0.016129032258064516,0.0,62.0,0.0,0.0,62.0,6.39344262295082,6.0,61.0,1.1774193548387097,1.0,62.0,1.2419354838709677,1.0,62.0,0.7096774193548387,0.0,62.0,1.8333333333333333,1.0,60.0,0.9838709677419355,1.0,62.0,0.0,0.0,62.0,1.032258064516129,1.0,62.0,0.0,0.0,62.0,3.2903225806451615,3.0,62.0,0.03225806451612903,0.0,62.0,1.1612903225806452,1.0,62.0,2.0,2.0,62.0,1.0,1.0,62.0,304838.70967741933,310000.0,62.0,5.016129032258065,5.0,62.0,1209.6774193548388,0.0,62.0,1209.6774193548388,0.0,62.0,0.06557377049180328,0.0,61.0,0.9838709677419355,1.0,62.0,96775.80645161291,100000.0,62.0,4.0,4.0,62.0,359532.2580645161,380000.0,62.0,1.967741935483871,2.0,62.0,2.0,2.0,62.0,1.967741935483871,2.0,62.0,0.9516129032258065,1.0,62.0,0.0,0.0,62.0,0.0,0.0,62.0,1.967741935483871,2.0,62.0,108.06451612903226,100.0,62.0,1.1612903225806452,1.0,62.0,0.8975806451612903,0.895,62.0,0.12490892531876141,0.0,61.0,0.5901639344262295,0.0,61.0,0.6451612903225806,1.0,62.0,0.7903225806451613,1.0,62.0,215000.0,120000.0,62.0,225932.2033898305,120000.0,59.0,1.2096774193548387,1.0,62.0,0.04838709677419355,0.0,62.0,1.0161290322580645,1.0,62.0,2.5483870967741935,2.0,62.0,1.1967213114754098,1.0,61.0,1.2580645161290323,1.0,62.0,0.0,0.0,62.0,0.016666666666666666,0.0,60.0,1.0,1.0,62.0
646.0,Locked,Enable,10.0,2018-01-22 09:44:00,DOUMNGUA  LAO,WORDE,-14.321754241873 | 16.392846976075,no,7.0,0.0,0.0,7.0,44.714285714285715,42.0,7.0,8.857142857142858,6.0,7.0,0.42857142857142855,0.0,7.0,0.0,0.0,7.0,0.0,0.0,7.0,0.0,0.0,7.0,3.0,4.0,7.0,0.2857142857142857,0.0,7.0,0.2857142857142857,0.0,7.0,1.0,1.0,7.0,0.0,0.0,6.0,1.7142857142857142,2.0,7.0,0.5714285714285714,1.0,7.0,2.0,2.0,7.0,0.0,0.0,7.0,3.857142857142857,4.0,7.0,0.0,0.0,7.0,0.42857142857142855,0.0,7.0,2.0,2.0,7.0,1.0,1.0,6.0,320000.0,320000.0,6.0,5.0,5.0,6.0,0.0,0.0,7.0,0.0,0.0,7.0,0.0,0.0,6.0,0.8571428571428571,1.0,7.0,100000.0,100000.0,7.0,3.857142857142857,4.0,7.0,393571.4285714286,395000.0,7.0,2.0,2.0,7.0,2.0,2.0,7.0,2.0,2.0,7.0,1.0,1.0,7.0,0.0,0.0,7.0,0.0,0.0,7.0,2.0,2.0,7.0,117.14285714285714,120.0,7.0,1.0,1.0,7.0,0.9328571428571427,0.97,7.0,0.42333333333333334,0.25,5.0,1.6,1.0,5.0,0.14285714285714285,0.0,7.0,0.2857142857142857,0.0,7.0,131428.57142857142,150000.0,7.0,131428.57142857142,150000.0,7.0,1.1428571428571428,1.0,7.0,0.0,0.0,7.0,0.5714285714285714,0.0,7.0,1.8571428571428572,2.0,7.0,0.5714285714285714,1.0,7.0,0.42857142857142855,0.0,7.0,0.7142857142857143,1.0,7.0,0.0,0.0,3.0,1.0,1.0,6.0
667.0,Locked,Enable,3.0,2018-01-22 09:47:00,Guede chantier,Guede Chantier,-14.756453333333 | 16.545875,no,84.0,0.07142857142857142,0.0,84.0,52.44047619047619,54.0,84.0,28.11904761904762,30.0,84.0,1.2619047619047619,1.0,84.0,0.23809523809523808,0.0,84.0,0.03571428571428571,0.0,84.0,0.0,0.0,84.0,7.888888888888889,7.0,81.0,2.511904761904762,3.0,84.0,3.4166666666666665,3.0,84.0,3.2857142857142856,3.0,84.0,0.8571428571428571,1.0,84.0,1.130952380952381,1.0,84.0,0.7142857142857143,1.0,84.0,1.6904761904761905,2.0,84.0,1.0,1.0,84.0,2.130952380952381,2.0,84.0,0.30952380952380953,0.0,84.0,0.20238095238095238,0.0,84.0,1.8333333333333333,2.0,84.0,0.9753086419753086,1.0,81.0,206114.15,165000.0,80.0,6.875,7.0,56.0,125505.95238095238,100000.0,84.0,131589.2857142857,110000.0,84.0,0.06756756756756757,0.0,74.0,0.15476190476190477,0.0,84.0,136057.85714285713,125000.0,84.0,3.738095238095238,4.0,84.0,118948.90243902439,76000.0,82.0,1.2289156626506024,2.0,83.0,0.6219512195121951,1.0,82.0,1.7951807228915662,2.0,83.0,1.0,1.0,83.0,1.1686746987951808,1.0,83.0,4.0,4.0,83.0,1.4216867469879517,1.0,83.0,127.3452380952381,125.0,84.0,0.9880952380952381,1.0,84.0,0.7073809523809523,0.565,84.0,0.4243256847894857,0.4226190476190476,78.0,1.7692307692307692,2.0,78.0,1.1547619047619047,1.0,84.0,0.8809523809523809,1.0,84.0,241047.14285714287,112500.0,84.0,246926.34146341463,121500.0,82.0,1.3928571428571428,1.0,84.0,0.0,0.0,84.0,2.357142857142857,3.0,84.0,2.7142857142857144,3.0,84.0,1.3333333333333333,1.0,81.0,1.1904761904761905,1.0,84.0,0.2619047619047619,0.0,84.0,0.30666666666666664,0.0,75.0,0.9753086419753086,1.0,81.0
668.0,Locked,Enable,4.0,2018-01-22 09:46:00,Guede Chantier,Guede Chantier,-14.756538333333 | 16.545868333333,yes,84.0,0.08333333333333333,0.0,84.0,52.226190476190474,52.5,84.0,25.095238095238095,25.0,84.0,1.2738095238095237,1.0,84.0,0.011904761904761904,0.0,84.0,0.40476190476190477,0.0,84.0,0.0,0.0,84.0,7.686746987951807,7.0,83.0,2.380952380952381,2.0,84.0,5.357142857142857,5.0,84.0,3.2261904761904763,3.0,84.0,1.1204819277108433,1.0,83.0,1.130952380952381,1.0,84.0,0.6428571428571429,1.0,84.0,1.6071428571428572,2.0,84.0,1.0,1.0,84.0,3.0238095238095237,3.0,84.0,1.9642857142857142,2.0,84.0,0.25,0.0,84.0,0.9156626506024096,1.0,83.0,0.7682926829268293,1.0,82.0,242349.609375,330000.0,64.0,7.317460317460317,7.0,63.0,0.0,0.0,84.0,0.0,0.0,84.0,0.3225806451612903,0.0,31.0,0.53125,1.0,64.0,21785.714285714286,0.0,84.0,4.0,4.0,84.0,225561.7469879518,323400.0,83.0,1.7142857142857142,2.0,84.0,1.25,1.0,84.0,0.0,0.0,84.0,1.0,1.0,84.0,1.130952380952381,1.0,84.0,2.9879518072289155,3.0,83.0,1.0238095238095237,1.0,84.0,126.19047619047619,125.0,84.0,1.0238095238095237,1.0,84.0,0.8751190476190477,1.0,84.0,0.40850357832867457,0.375,82.0,1.7439024390243902,2.0,82.0,1.4523809523809523,2.0,84.0,0.9047619047619048,1.0,84.0,253654.7619047619,237500.0,84.0,263049.3827160494,245000.0,81.0,1.9166666666666667,2.0,84.0,0.023809523809523808,0.0,84.0,2.142857142857143,2.0,84.0,2.6785714285714284,3.0,84.0,1.3132530120481927,1.0,83.0,1.2261904761904763,1.0,84.0,0.2289156626506024,0.0,83.0,0.42857142857142855,0.0,77.0,0.8076923076923077,1.0,78.0
674.0,Locked,Enable,3.0,2018-01-22 09:46:00,Guede village,Guede village,-14.805431666667 | 16.542021666667,no,51.0,0.11764705882352941,0.0,51.0,49.21568627450981,49.0,51.0,24.529411764705884,25.0,51.0,1.3333333333333333,1.0,51.0,0.0,0.0,51.0,0.43137254901960786,0.0,51.0,0.0,0.0,51.0,6.705882352941177,7.0,51.0,2.235294117647059,2.0,51.0,4.392156862745098,4.0,51.0,2.3137254901960786,2.0,51.0,0.6078431372549019,0.0,51.0,1.0784313725490196,1.0,51.0,0.5882352941176471,1.0,51.0,1.2941176470588236,1.0,51.0,1.0196078431372548,1.0,51.0,2.9607843137254903,3.0,51.0,1.9803921568627452,2.0,51.0,0.0784313725490196,0.0,51.0,0.9607843137254902,1.0,51.0,0.96,1.0,50.0,120257.6530612245,106000.0,49.0,7.0,7.0,48.0,0.0,0.0,51.0,0.0,0.0,51.0,0.0,0.0,5.0,0.9,1.0,20.0,17352.941176470587,0.0,51.0,4.0,4.0,51.0,115541.66666666667,102000.0,51.0,1.8627450980392157,2.0,51.0,1.4509803921568627,1.0,51.0,0.0196078431372549,0.0,51.0,1.0,1.0,51.0,1.0392156862745099,1.0,51.0,3.176470588235294,3.0,51.0,1.196078431372549,1.0,51.0,124.90196078431373,125.0,51.0,1.0,1.0,51.0,,,0.0,0.3324177523157115,0.3076923076923077,49.0,1.4285714285714286,1.0,49.0,1.2941176470588236,1.0,51.0,0.8431372549019608,1.0,51.0,263520.0,180000.0,50.0,274500.0,187500.0,48.0,1.62,2.0,50.0,0.0,0.0,51.0,2.0784313725490198,2.0,51.0,2.411764705882353,2.0,51.0,1.1764705882352942,1.0,51.0,1.1176470588235294,1.0,51.0,0.21568627450980393,0.0,51.0,0.4,0.0,45.0,0.96,1.0,50.0
675.0,Locked,Enable,12.0,2018-01-22 09:44:00,Guede Village,Guede Village,-14.805158333333 | 16.541961666667,,50.0,0.08,0.0,50.0,47.98,46.0,50.0,25.72,25.0,50.0,1.0,1.0,50.0,0.22,0.0,50.0,0.08,0.0,50.0,0.0,0.0,50.0,6.42,6.0,50.0,2.24,2.0,50.0,2.64,3.0,50.0,2.22,2.0,50.0,0.8163265306122449,1.0,49.0,1.06,1.0,50.0,0.58,1.0,50.0,1.3,1.0,50.0,1.0,1.0,50.0,2.02,2.0,50.0,0.3,0.0,50.0,0.28,0.0,50.0,2.0,2.0,50.0,0.98,1.0,50.0,289647.7272727273,302000.0,44.0,6.877551020408164,7.0,49.0,144840.0,100000.0,50.0,142140.0,100000.0,50.0,0.02,0.0,50.0,0.0,0.0,50.0,149340.0,100000.0,50.0,3.98,4.0,50.0,114083.33333333333,121000.0,48.0,1.2653061224489797,1.0,49.0,0.9583333333333334,1.0,48.0,1.86,2.0,50.0,1.0,1.0,50.0,1.0,1.0,50.0,3.94,4.0,50.0,1.18,1.0,50.0,125.0,125.0,50.0,1.0,1.0,50.0,,,0.0,0.3659796778243069,0.3333333333333333,46.0,1.5869565217391304,2.0,46.0,1.0,1.0,50.0,0.84,1.0,50.0,179470.0,58500.0,50.0,203943.18181818182,63000.0,44.0,0.96,0.5,50.0,0.0,0.0,50.0,1.98,2.0,50.0,2.26,2.0,50.0,1.18,1.0,50.0,0.96,1.0,50.0,0.3111111111111111,0.0,45.0,0.36585365853658536,0.0,41.0,1.0,1.0,49.0
681.0,Locked,Enable,2.0,2018-01-22 09:46:00,Ndiayene Pendao,Wouro Diery,-14.927786666667 | 16.500446666667,no,31.0,0.7096774193548387,1.0,31.0,39.61290322580645,41.0,31.0,15.0,15.0,31.0,0.3870967741935484,0.0,31.0,0.0967741935483871,0.0,31.0,0.25806451612903225,0.0,31.0,0.0,0.0,31.0,4.32258064516129,4.0,31.0,2.0,2.0,31.0,2.129032258064516,2.0,31.0,1.1290322580645162,1.0,31.0,0.3870967741935484,0.0,31.0,0.8709677419354839,1.0,31.0,0.03225806451612903,0.0,31.0,1.064516129032258,1.0,31.0,1.0,1.0,31.0,2.967741935483871,3.0,31.0,2.0,2.0,31.0,0.0967741935483871,0.0,31.0,1.0,1.0,31.0,0.967741935483871,1.0,31.0,71699.31034482758,12605.0,29.0,7.0,7.0,30.0,0.0,0.0,31.0,0.0,0.0,31.0,,,0.0,1.0,1.0,27.0,38225.8064516129,30000.0,31.0,3.967741935483871,4.0,31.0,28483.39285714286,12605.0,28.0,2.0,2.0,31.0,1.5483870967741935,2.0,31.0,0.0,0.0,31.0,1.0,1.0,31.0,1.3548387096774193,1.0,31.0,3.064516129032258,3.0,31.0,1.3548387096774193,1.0,31.0,125.0,125.0,30.0,1.7096774193548387,2.0,31.0,,,0.0,0.26609195402298846,0.25,29.0,1.1724137931034482,1.0,29.0,0.967741935483871,1.0,31.0,0.7741935483870968,1.0,31.0,177890.48387096773,125000.0,31.0,177890.48387096773,125000.0,31.0,1.1935483870967742,1.0,31.0,0.6774193548387096,1.0,31.0,1.1290322580645162,1.0,31.0,1.5161290322580645,2.0,31.0,0.7419354838709677,1.0,31.0,0.3870967741935484,0.0,31.0,0.12903225806451613,0.0,31.0,0.4444444444444444,0.0,9.0,1.0,1.0,30.0
682.0,Locked,Enable,4.0,2018-01-22 09:46:00,Ndiayene Pendao,Ariwele,-14.926303333333 | 16.503341666667,,19.0,0.15789473684210525,0.0,19.0,44.73684210526316,49.0,19.0,18.157894736842106,16.0,19.0,1.0,1.0,19.0,0.10526315789473684,0.0,19.0,0.05263157894736842,0.0,19.0,0.0,0.0,19.0,4.578947368421052,5.0,19.0,1.631578947368421,2.0,19.0,1.3157894736842106,1.0,19.0,0.5263157894736842,0.0,19.0,0.6666666666666666,1.0,18.0,1.1111111111111112,1.0,18.0,0.05263157894736842,0.0,19.0,1.0,1.0,19.0,0.8421052631578947,1.0,19.0,2.1578947368421053,2.0,19.0,0.5789473684210527,1.0,19.0,0.42105263157894735,0.0,19.0,1.5789473684210527,2.0,19.0,0.9473684210526315,1.0,19.0,263194.44444444444,100000.0,18.0,7.0,7.0,18.0,78611.5,47500.0,18.0,163842.1052631579,50000.0,19.0,0.0,0.0,19.0,0.0,0.0,18.0,91000.0,50000.0,18.0,3.8947368421052633,4.0,19.0,48941.17647058824,35000.0,17.0,1.2352941176470589,1.0,17.0,0.7058823529411765,1.0,17.0,1.8421052631578947,2.0,19.0,1.0,1.0,19.0,1.0526315789473684,1.0,19.0,4.0,4.0,19.0,1.368421052631579,1.0,19.0,125.0,125.0,19.0,1.0,1.0,19.0,,,0.0,0.11642416225749559,0.0,18.0,0.5555555555555556,0.0,18.0,0.5789473684210527,1.0,19.0,0.7894736842105263,1.0,19.0,134944.44444444444,152000.0,18.0,220818.18181818182,230000.0,11.0,0.9444444444444444,1.0,18.0,0.0,0.0,19.0,1.3157894736842106,1.0,19.0,2.0,2.0,19.0,0.7894736842105263,1.0,19.0,0.9473684210526315,1.0,19.0,0.0,0.0,16.0,0.21428571428571427,0.0,14.0,1.0,1.0,18.0
683.0,Locked,Enable,4.0,2018-01-22 09:46:00,Ndiayene Pendao,Thiewle,-15.010376666667 | 16.490635,,8.0,0.25,0.0,8.0,49.75,50.0,8.0,21.0,22.5,8.0,1.0,1.0,8.0,0.125,0.0,8.0,0.0,0.0,8.0,0.0,0.0,8.0,7.125,7.0,8.0,3.0,2.0,8.0,2.75,3.0,8.0,2.125,2.0,8.0,1.0,1.0,8.0,1.125,1.0,8.0,0.0,0.0,8.0,1.5,1.5,8.0,1.0,1.0,8.0,2.125,2.0,8.0,0.0,0.0,8.0,0.0,0.0,8.0,2.0,2.0,8.0,1.0,1.0,8.0,123750.0,120000.0,8.0,7.0,7.0,8.0,59375.0,57500.0,8.0,58250.0,57500.0,8.0,0.0,0.0,8.0,0.0,0.0,8.0,59375.0,57500.0,8.0,3.5,4.0,8.0,70000.0,85000.0,8.0,1.6,2.0,5.0,1.0,1.0,5.0,1.625,2.0,8.0,1.0,1.0,8.0,1.25,1.0,8.0,3.875,4.0,8.0,1.125,1.0,8.0,125.0,125.0,8.0,1.0,1.0,8.0,0.475,0.5,8.0,0.3003472222222222,0.3055555555555556,8.0,1.5,1.5,8.0,1.0,1.0,8.0,1.125,1.0,8.0,245000.0,285000.0,8.0,245000.0,285000.0,8.0,1.75,2.0,8.0,0.0,0.0,8.0,1.625,2.0,8.0,2.625,2.5,8.0,1.25,1.5,8.0,1.0,1.0,8.0,0.125,0.0,8.0,0.16666666666666666,0.0,6.0,1.0,1.0,8.0
684.0,Locked,Enable,2.0,2018-01-22 09:46:00,Ndiayene Pendao,Tivaouane 2,-14.994241666667 | 16.49001,,32.0,1.0,1.0,32.0,43.0625,40.0,32.0,3.8125,3.0,32.0,0.0,0.0,32.0,0.0,0.0,32.0,0.0,0.0,32.0,0.0,0.0,32.0,4.96875,5.0,32.0,2.0,2.0,32.0,1.6875,2.0,32.0,0.71875,0.0,32.0,0.75,1.0,32.0,1.0,1.0,32.0,0.03125,0.0,32.0,0.96875,1.0,32.0,0.875,1.0,32.0,2.0,2.0,32.0,0.96875,1.0,32.0,0.96875,1.0,32.0,1.15625,1.0,32.0,0.44,0.0,25.0,443583.3333333333,668000.0,12.0,7.0,7.0,17.0,10125.21875,4500.0,32.0,10765.625,4500.0,32.0,0.0,0.0,30.0,0.0,0.0,30.0,18875.0,4500.0,32.0,3.9375,4.0,32.0,8312.5,0.0,32.0,0.5333333333333333,0.5,30.0,0.4666666666666667,0.0,30.0,0.875,1.0,32.0,1.0,1.0,32.0,1.0,1.0,32.0,4.0,4.0,32.0,1.15625,1.0,32.0,109.375,125.0,32.0,1.1875,1.0,32.0,,,0.0,0.11383928571428573,0.0,32.0,0.625,0.0,32.0,0.78125,1.0,32.0,0.78125,1.0,32.0,176444.44444444444,0.0,18.0,397000.0,164000.0,8.0,0.7222222222222222,0.0,18.0,0.0625,0.0,32.0,0.0625,0.0,32.0,1.71875,1.5,32.0,0.84375,1.0,32.0,0.0,0.0,32.0,0.2,0.0,30.0,,,0.0,1.0,1.0,11.0
686.0,Locked,Enable,2.0,2018-01-22 09:45:00,Ndiayene Pendao,Ouro Diery,-14.96284 | 16.495245,no,12.0,0.0,0.0,12.0,54.666666666666664,50.5,12.0,18.916666666666668,16.0,12.0,1.5833333333333333,1.5,12.0,0.3333333333333333,0.0,12.0,0.16666666666666666,0.0,12.0,0.0,0.0,12.0,6.0,6.5,12.0,1.6666666666666667,1.5,12.0,2.5833333333333335,2.5,12.0,1.6666666666666667,1.5,12.0,1.0,1.0,12.0,1.1666666666666667,1.0,12.0,0.0,0.0,12.0,1.0,1.0,12.0,0.8333333333333334,1.0,12.0,2.0,2.0,12.0,0.6666666666666666,1.0,12.0,0.3333333333333333,0.0,12.0,2.0,2.0,12.0,1.0,1.0,12.0,150000.0,150000.0,11.0,7.0,7.0,12.0,144916.66666666666,75000.0,12.0,128041.66666666667,45000.0,12.0,0.08333333333333333,0.0,12.0,0.0,0.0,12.0,151791.66666666666,112000.0,12.0,3.75,4.0,12.0,77333.33333333333,74500.0,12.0,0.8333333333333334,1.0,12.0,0.6666666666666666,1.0,12.0,1.6666666666666667,2.0,12.0,1.0,1.0,12.0,1.0,1.0,12.0,4.0,4.0,12.0,1.1666666666666667,1.0,12.0,125.0,125.0,12.0,1.0,1.0,12.0,0.39999999999999997,0.4,11.0,0.24375,0.30952380952380953,12.0,1.25,1.5,12.0,1.0833333333333333,1.0,12.0,0.75,1.0,12.0,158000.0,150000.0,11.0,173800.0,150000.0,10.0,1.1818181818181819,1.0,11.0,0.0,0.0,12.0,1.3333333333333333,1.0,12.0,2.8333333333333335,3.0,12.0,0.9166666666666666,1.0,12.0,1.4166666666666667,1.5,12.0,0.0,0.0,12.0,0.5454545454545454,0.0,11.0,1.0,1.0,12.0
687.0,Locked,Enable,2.0,2018-01-22 09:45:00,Guede,Taredji,-14.863281513143 | 16.52349715952,no,10.0,0.1,0.0,10.0,52.0,50.5,10.0,20.8,15.5,10.0,1.2,1.0,10.0,0.3,0.0,10.0,0.0,0.0,10.0,0.1,0.0,10.0,6.666666666666667,6.0,9.0,2.3,2.5,10.0,3.8,3.0,10.0,2.2,2.0,10.0,1.0,1.0,10.0,1.1,1.0,10.0,0.0,0.0,10.0,1.3,1.0,10.0,0.9,1.0,10.0,2.0,2.0,10.0,0.2,0.0,10.0,0.6,0.0,10.0,1.7,2.0,10.0,1.0,1.0,8.0,119428.57142857143,116000.0,7.0,7.0,7.0,9.0,61400.0,47500.0,10.0,61400.0,47500.0,10.0,0.0,0.0,10.0,0.0,0.0,10.0,61400.0,47500.0,10.0,3.8,4.0,10.0,6666.666666666667,0.0,9.0,0.9,1.0,10.0,0.7,1.0,10.0,1.8,2.0,10.0,1.0,1.0,10.0,1.2,1.0,10.0,4.0,4.0,10.0,1.0,1.0,10.0,125.0,125.0,10.0,1.0,1.0,10.0,1.084,0.4,10.0,0.2535273368606702,0.25,9.0,1.2222222222222223,1.0,9.0,1.1,1.0,10.0,0.8,1.0,10.0,165600.0,144000.0,10.0,165600.0,144000.0,10.0,1.3,1.0,10.0,0.0,0.0,10.0,1.6,1.0,10.0,2.8,3.0,10.0,1.3333333333333333,1.0,9.0,1.2,1.0,10.0,0.0,0.0,10.0,0.3333333333333333,0.0,9.0,1.0,1.0,8.0
707.0,Validated,Enable,2.0,2018-03-13 08:49:00,Ronkh,Kheune N14,-16.050776666667 | 16.461051666667,no,50.0,0.06,0.0,50.0,43.183673469387756,40.0,49.0,18.6,17.0,50.0,0.76,1.0,50.0,0.0,0.0,50.0,0.0,0.0,50.0,0.0,0.0,50.0,3.76,3.0,50.0,0.56,0.0,50.0,1.12,0.0,50.0,0.84,0.0,50.0,0.46938775510204084,0.0,49.0,1.94,2.0,50.0,0.74,1.0,50.0,1.92,2.0,50.0,0.72,1.0,50.0,1.78,3.0,50.0,0.06,0.0,50.0,0.2,0.0,50.0,0.48,0.0,50.0,0.54,1.0,50.0,520181.8181818182,545000.0,22.0,6.074074074074074,6.0,27.0,16720.0,0.0,50.0,21740.0,0.0,50.0,0.1,0.0,50.0,0.1951219512195122,0.0,41.0,6920.0,0.0,50.0,4.0,4.0,50.0,98897.77777777778,96000.0,45.0,0.7755102040816326,1.0,49.0,0.6326530612244898,1.0,49.0,0.54,0.0,50.0,0.041666666666666664,0.0,48.0,0.1875,0.0,48.0,0.28888888888888886,0.0,45.0,0.1956521739130435,0.0,46.0,117.92,120.0,50.0,2.9183673469387754,2.0,49.0,1.6440000000000003,1.225,50.0,0.20827758100485375,0.14285714285714285,33.0,1.0303030303030303,1.0,33.0,0.48,0.0,50.0,0.36,0.0,50.0,242910.0,170000.0,50.0,247867.3469387755,170000.0,49.0,1.54,2.0,50.0,1.1224489795918366,1.0,49.0,1.36,1.0,50.0,1.816326530612245,2.0,49.0,0.58,0.0,50.0,0.74,1.0,50.0,0.58,1.0,50.0,0.0,0.0,32.0,0.5510204081632653,1.0,49.0
708.0,Validated,Enable,2.0,2018-01-26 16:51:00,Ronkh,Kheune,-16.050766666667 | 16.461056666667,no,110.0,1.0454545454545454,1.0,110.0,41.57798165137615,40.0,109.0,7.209090909090909,5.0,110.0,0.0,0.0,110.0,0.42727272727272725,0.0,110.0,0.0,0.0,110.0,0.0,0.0,110.0,3.403669724770642,3.0,109.0,0.6363636363636364,0.0,110.0,3.2545454545454544,3.0,110.0,1.5454545454545454,1.0,110.0,1.4770642201834863,1.0,109.0,1.8181818181818181,2.0,110.0,0.8545454545454545,1.0,110.0,1.9636363636363636,2.0,110.0,0.39090909090909093,0.0,110.0,3.8454545454545452,4.0,110.0,0.3944954128440367,0.0,109.0,0.2,0.0,110.0,0.05504587155963303,0.0,109.0,0.00909090909090909,0.0,110.0,450000.0,450000.0,1.0,10.0,10.0,1.0,2136.3636363636365,0.0,110.0,2727.2727272727275,0.0,110.0,0.07547169811320754,0.0,106.0,0.04716981132075472,0.0,106.0,3348.623853211009,0.0,109.0,3.814814814814815,4.0,108.0,6554.545454545455,0.0,110.0,0.9727272727272728,1.0,110.0,0.75,1.0,108.0,0.8532110091743119,1.0,109.0,1.809090909090909,2.0,110.0,2.2429906542056073,3.0,107.0,3.433333333333333,4.0,90.0,1.0288461538461537,1.0,104.0,118.62385321100918,135.0,109.0,1.0,1.0,110.0,,,0.0,0.39371539313399767,0.4,86.0,1.6395348837209303,2.0,86.0,1.0727272727272728,1.0,110.0,0.43636363636363634,0.0,110.0,99983.63636363637,61000.0,110.0,100900.91743119266,62000.0,109.0,0.7090909090909091,0.0,110.0,0.0,0.0,110.0,0.41818181818181815,0.0,110.0,1.7339449541284404,2.0,109.0,0.5412844036697247,0.0,109.0,0.0,0.0,110.0,0.35454545454545455,0.0,110.0,,,0.0,0.009433962264150943,0.0,106.0
709.0,Validated,Enable,10.0,2018-02-16 15:40:00,Ronkh,Kheun N08,-16.107756666667 | 16.523608333333,no,51.0,0.0392156862745098,0.0,51.0,45.588235294117645,45.0,51.0,25.098039215686274,25.0,51.0,0.9803921568627451,1.0,51.0,0.11764705882352941,0.0,51.0,0.0,0.0,51.0,0.0,0.0,51.0,3.372549019607843,3.0,51.0,0.5686274509803921,0.0,51.0,1.4509803921568627,1.0,51.0,1.5490196078431373,1.0,51.0,1.4509803921568627,0.0,51.0,1.6862745098039216,2.0,51.0,0.8627450980392157,1.0,51.0,2.0,2.0,51.0,0.43137254901960786,0.0,51.0,3.0588235294117645,3.0,51.0,0.058823529411764705,0.0,51.0,0.7647058823529411,1.0,51.0,1.3725490196078431,1.0,51.0,1.0,1.0,50.0,337976.5306122449,350000.0,49.0,5.8431372549019605,6.0,51.0,6985.294117647059,7500.0,51.0,8725.490196078432,9000.0,51.0,0.02040816326530612,0.0,49.0,0.6078431372549019,1.0,51.0,1313.7254901960785,1500.0,51.0,3.9215686274509802,4.0,51.0,16019.607843137255,10000.0,51.0,0.803921568627451,1.0,51.0,1.3137254901960784,2.0,51.0,1.9607843137254901,2.0,51.0,0.58,0.0,50.0,0.803921568627451,0.0,51.0,0.5882352941176471,0.0,51.0,0.04,0.0,50.0,112.13725490196079,112.0,51.0,3.3137254901960786,3.0,51.0,1.7552941176470584,1.5,51.0,0.45647130647130635,0.5,39.0,1.8717948717948718,2.0,39.0,0.6274509803921569,1.0,51.0,0.37254901960784315,0.0,51.0,1030000.0,1000000.0,47.0,1052391.3043478262,1000000.0,46.0,2.765957446808511,3.0,47.0,1.2352941176470589,1.0,51.0,1.9803921568627452,2.0,51.0,2.0588235294117645,2.0,51.0,0.5098039215686274,0.0,51.0,0.9607843137254902,1.0,51.0,0.6666666666666666,1.0,51.0,0.12195121951219512,0.0,41.0,1.0,1.0,50.0
711.0,Validated,Enable,2.0,2018-02-13 12:23:00,DIAMA,Mboundoum Barrage,-16.075206666667 | 16.399518333333,yes,114.0,0.25,0.0,96.0,50.526315789473685,51.0,76.0,17.394736842105264,15.0,114.0,0.6491228070175439,0.5,114.0,0.19298245614035087,0.0,114.0,0.017543859649122806,0.0,114.0,0.0,0.0,114.0,2.0701754385964914,0.0,114.0,0.34210526315789475,0.0,114.0,1.1140350877192982,0.0,114.0,1.4385964912280702,1.0,114.0,1.2622950819672132,1.0,61.0,1.9298245614035088,2.0,57.0,0.8271604938271605,1.0,81.0,1.9259259259259258,2.0,81.0,0.9743589743589743,1.0,78.0,3.933333333333333,4.0,75.0,1.9859154929577465,2.0,71.0,0.3559322033898305,0.0,59.0,0.0,0.0,35.0,0.11627906976744186,0.0,86.0,339500.6,325000.0,10.0,6.805555555555555,7.0,36.0,39956.14035087719,0.0,114.0,28289.473684210527,0.0,114.0,0.08,0.0,25.0,0.6818181818181818,1.0,22.0,6570.263157894737,0.0,114.0,3.958904109589041,4.0,73.0,30680.18018018018,0.0,111.0,1.9710144927536233,2.0,69.0,2.0,2.0,64.0,1.7916666666666667,2.0,72.0,0.09836065573770492,0.0,61.0,0.5555555555555556,0.0,27.0,1.5,0.5,6.0,0.38461538461538464,0.0,26.0,77.90350877192982,125.0,114.0,1.663716814159292,2.0,113.0,1.0125438596491232,0.875,114.0,0.43054761904761896,0.4305555555555556,50.0,1.82,2.0,50.0,0.5,0.0,114.0,0.24561403508771928,0.0,114.0,172566.37168141594,0.0,113.0,361111.1111111111,300000.0,54.0,1.1150442477876106,0.0,113.0,0.672566371681416,1.0,113.0,1.394736842105263,1.0,114.0,2.5921052631578947,3.0,76.0,0.30701754385964913,0.0,114.0,0.6140350877192983,0.5,114.0,0.47368421052631576,0.0,76.0,0.3684210526315789,0.0,57.0,0.37037037037037035,0.0,27.0
712.0,Validated,Enable,10.0,2018-01-30 11:18:00,Ronkh,KheunN01,-16.109076666667 | 16.522805,no,44.0,0.6511627906976745,1.0,43.0,45.95454545454545,48.5,44.0,15.909090909090908,15.0,44.0,0.3181818181818182,0.0,44.0,0.3181818181818182,0.0,44.0,0.0,0.0,44.0,0.0,0.0,44.0,4.681818181818182,5.0,44.0,0.5909090909090909,0.0,44.0,1.3181818181818181,1.0,44.0,1.8409090909090908,2.0,44.0,1.4772727272727273,2.0,44.0,2.0,2.0,44.0,0.8181818181818182,1.0,44.0,1.9545454545454546,2.0,44.0,0.7727272727272727,1.0,44.0,3.159090909090909,3.0,44.0,0.29545454545454547,0.0,44.0,0.25,0.0,44.0,0.45454545454545453,0.0,44.0,0.29545454545454547,0.0,44.0,433333.3333333333,400000.0,9.0,6.0,6.0,12.0,0.0,0.0,44.0,0.0,0.0,44.0,0.21951219512195122,0.0,41.0,0.11428571428571428,0.0,35.0,14625.0,0.0,44.0,4.0,4.0,44.0,88862.38095238095,65000.0,42.0,0.7272727272727273,0.0,44.0,0.45454545454545453,0.0,44.0,0.45454545454545453,0.0,44.0,1.3333333333333333,1.0,42.0,2.5641025641025643,3.0,39.0,2.3684210526315788,2.0,38.0,0.1935483870967742,0.0,31.0,157.11363636363637,130.0,44.0,2.731707317073171,2.0,41.0,2.066904761904762,1.0,42.0,0.4183035714285713,0.4,40.0,1.8,2.0,40.0,0.6136363636363636,1.0,44.0,0.4090909090909091,0.0,44.0,309272.7272727273,200000.0,44.0,316465.11627906974,200000.0,43.0,1.8409090909090908,2.0,44.0,0.975609756097561,1.0,41.0,1.2272727272727273,1.0,44.0,2.090909090909091,2.0,44.0,0.75,1.0,44.0,0.3181818181818182,0.0,44.0,0.4090909090909091,0.0,44.0,0.4166666666666667,0.0,12.0,0.29545454545454547,0.0,44.0
715.0,Invalidated,Enable,2.0,2018-04-11 10:27:00,GUEDE VILLAGE,GUEDE VILLAGE,-14.80541 | 16.542006666667,no,37.0,0.3783783783783784,0.0,37.0,40.810810810810814,40.0,37.0,14.756756756756756,13.0,37.0,0.4864864864864865,0.0,37.0,0.40540540540540543,0.0,37.0,0.7027027027027027,1.0,37.0,0.13513513513513514,0.0,37.0,4.081081081081081,3.0,37.0,1.162162162162162,1.0,37.0,1.5675675675675675,1.0,37.0,1.5405405405405406,1.0,37.0,0.7714285714285715,1.0,35.0,1.0,1.0,37.0,0.6486486486486487,1.0,37.0,0.4864864864864865,0.0,37.0,2.0,2.0,37.0,3.027027027027027,3.0,37.0,1.864864864864865,2.0,37.0,2.0,2.0,37.0,0.7027027027027027,0.0,37.0,0.8666666666666667,1.0,30.0,79678.57142857143,20000.0,28.0,7.0,7.0,31.0,53361.194444444445,10000.0,36.0,123918.91891891892,11000.0,37.0,0.10810810810810811,0.0,37.0,0.972972972972973,1.0,37.0,52808.333333333336,10000.0,36.0,0.16216216216216217,0.0,37.0,110722.22222222222,50000.0,36.0,2.0,2.0,37.0,2.0,2.0,37.0,2.0,2.0,37.0,1.0,1.0,36.0,2.4594594594594597,3.0,37.0,2.0,2.0,37.0,2.0,2.0,37.0,114.1891891891892,125.0,37.0,2.108108108108108,2.0,37.0,,,0.0,0.4043716931216931,0.3333333333333333,30.0,1.6666666666666667,2.0,30.0,0.7567567567567568,1.0,37.0,0.6216216216216216,1.0,37.0,46216.21621621621,10000.0,37.0,90000.0,25000.0,19.0,0.2972972972972973,0.0,37.0,0.8108108108108109,1.0,37.0,1.1891891891891893,1.0,37.0,1.6486486486486487,2.0,37.0,0.6486486486486487,0.0,37.0,0.4864864864864865,0.0,37.0,0.32432432432432434,0.0,37.0,1.1764705882352942,1.0,17.0,0.896551724137931,1.0,29.0
721.0,Validated,Enable,3.0,2018-02-16 15:39:00,Guede village,Guede Village 01 N,-14.805401666667 | 16.542026666667,no,14.0,0.2857142857142857,0.0,14.0,49.857142857142854,49.0,14.0,21.857142857142858,20.0,14.0,0.7857142857142857,1.0,14.0,0.42857142857142855,0.0,14.0,0.0,0.0,14.0,0.0,0.0,14.0,7.928571428571429,7.5,14.0,1.7142857142857142,2.0,14.0,3.857142857142857,3.5,14.0,4.571428571428571,3.5,14.0,1.6153846153846154,2.0,13.0,1.0,1.0,14.0,0.5714285714285714,1.0,14.0,1.3571428571428572,2.0,14.0,1.2857142857142858,1.0,14.0,2.9285714285714284,3.0,14.0,1.7142857142857142,2.0,14.0,0.6153846153846154,0.0,13.0,1.2857142857142858,1.0,14.0,0.7,1.0,10.0,118571.42857142857,100000.0,7.0,7.0,7.0,11.0,13928.57142857143,2500.0,14.0,13928.57142857143,2500.0,14.0,0.0,0.0,14.0,0.0,0.0,13.0,5714.285714285715,0.0,14.0,3.857142857142857,4.0,14.0,71657.14285714286,62500.0,14.0,1.0,1.0,14.0,1.0769230769230769,2.0,13.0,0.5714285714285714,0.0,14.0,1.0,1.0,14.0,2.2857142857142856,2.0,14.0,2.357142857142857,2.0,14.0,1.6923076923076923,2.0,13.0,131.07142857142858,120.0,14.0,1.0,1.0,14.0,0.49642857142857144,0.4,14.0,0.6351437024513947,0.6666666666666666,13.0,2.3846153846153846,3.0,13.0,1.2142857142857142,1.0,14.0,0.7857142857142857,1.0,14.0,133214.2857142857,100000.0,14.0,133214.2857142857,100000.0,14.0,1.0714285714285714,1.0,14.0,0.0,0.0,14.0,1.7142857142857142,2.0,14.0,2.5,2.5,14.0,1.3571428571428572,1.5,14.0,0.7857142857142857,1.0,14.0,0.21428571428571427,0.0,14.0,0.3333333333333333,0.0,9.0,0.7777777777777778,1.0,9.0
723.0,Invalidated,Enable,7.0,2018-05-23 12:38:00,,,,,1.0,0.0,0.0,1.0,70.0,70.0,1.0,63.0,63.0,1.0,2.0,2.0,1.0,0.0,0.0,1.0,1.0,1.0,1.0,0.0,0.0,1.0,6.0,6.0,1.0,0.0,0.0,1.0,0.0,0.0,1.0,0.0,0.0,1.0,1.0,1.0,1.0,1.0,1.0,1.0,1.0,1.0,1.0,2.0,2.0,1.0,2.0,2.0,1.0,3.0,3.0,1.0,0.0,0.0,1.0,2.0,2.0,1.0,2.0,2.0,1.0,1.0,1.0,1.0,500000.0,500000.0,1.0,7.0,7.0,1.0,100000.0,100000.0,1.0,110000.0,110000.0,1.0,0.0,0.0,1.0,1.0,1.0,1.0,20000.0,20000.0,1.0,2.0,2.0,1.0,100000.0,100000.0,1.0,2.0,2.0,1.0,2.0,2.0,1.0,2.0,2.0,1.0,1.0,1.0,1.0,3.0,3.0,1.0,2.0,2.0,1.0,2.0,2.0,1.0,100.0,100.0,1.0,1.0,1.0,1.0,,,0.0,0.0,0.0,1.0,0.0,0.0,1.0,0.0,0.0,1.0,0.0,0.0,1.0,10000.0,10000.0,1.0,10000.0,10000.0,1.0,0.0,0.0,1.0,0.0,0.0,1.0,3.0,3.0,1.0,4.0,4.0,1.0,1.0,1.0,1.0,2.0,2.0,1.0,0.0,0.0,1.0,1.0,1.0,1.0,1.0,1.0,1.0
724.0,Invalidated,Enable,3.0,2018-05-23 12:38:00,,,,,,,,,,,,,,,,,,,,,,,,,,,,,,,,,,,,,,,,,,,,,,,,,,,,,,,,,,,,,,,,,,,,,,,,,,,,,,,,,,,,,,,,,,,,,,,,,,,,,,,,,,,,,,,,,,,,,,,,,,,,,,,,,,,,,,,,,,,,,,,,,,,,,,,,,,,,,,,,,,,,,,,,,,
725.0,Invalidated,Enable,2.0,2018-05-23 12:38:00,,,,,1.0,0.0,0.0,1.0,53.0,53.0,1.0,38.0,38.0,1.0,1.0,1.0,1.0,1.0,1.0,1.0,0.0,0.0,1.0,0.0,0.0,1.0,14.0,14.0,1.0,2.0,2.0,1.0,7.0,7.0,1.0,6.0,6.0,1.0,1.0,1.0,1.0,1.0,1.0,1.0,0.0,0.0,1.0,0.0,0.0,1.0,2.0,2.0,1.0,3.0,3.0,1.0,2.0,2.0,1.0,2.0,2.0,1.0,2.0,2.0,1.0,1.0,1.0,1.0,250000.0,250000.0,1.0,7.0,7.0,1.0,100000.0,100000.0,1.0,110000.0,110000.0,1.0,0.0,0.0,1.0,1.0,1.0,1.0,100000.0,100000.0,1.0,2.0,2.0,1.0,0.0,0.0,1.0,2.0,2.0,1.0,2.0,2.0,1.0,2.0,2.0,1.0,1.0,1.0,1.0,2.0,2.0,1.0,2.0,2.0,1.0,2.0,2.0,1.0,100.0,100.0,1.0,3.0,3.0,1.0,,,0.0,0.42857142857142855,0.42857142857142855,1.0,2.0,2.0,1.0,2.0,2.0,1.0,1.0,1.0,1.0,0.0,0.0,1.0,,,0.0,0.0,0.0,1.0,1.0,1.0,1.0,3.0,3.0,1.0,3.0,3.0,1.0,2.0,2.0,1.0,1.0,1.0,1.0,1.0,1.0,1.0,1.0,1.0,1.0,1.0,1.0,1.0
726.0,Invalidated,Enable,4.0,2018-05-23 12:38:00,,,,,2.0,0.0,0.0,2.0,43.0,43.0,2.0,24.0,24.0,2.0,0.5,0.5,2.0,0.5,0.5,2.0,0.5,0.5,2.0,0.0,0.0,2.0,2.5,2.5,2.0,0.0,0.0,2.0,1.0,1.0,2.0,0.5,0.5,2.0,0.5,0.5,2.0,1.0,1.0,2.0,0.5,0.5,2.0,1.0,1.0,2.0,2.0,2.0,2.0,3.0,3.0,2.0,1.0,1.0,2.0,2.0,2.0,2.0,2.0,2.0,2.0,1.0,1.0,2.0,35000.0,35000.0,2.0,7.0,7.0,2.0,65000.0,65000.0,2.0,70500.0,70500.0,2.0,0.0,0.0,2.0,1.0,1.0,2.0,25000.0,25000.0,2.0,2.0,2.0,2.0,15000.0,15000.0,2.0,2.0,2.0,2.0,2.0,2.0,2.0,2.0,2.0,2.0,1.0,1.0,2.0,2.5,2.5,2.0,2.0,2.0,2.0,2.0,2.0,2.0,100.0,100.0,2.0,2.5,2.5,2.0,,,0.0,0.2,0.2,1.0,1.0,1.0,1.0,0.5,0.5,2.0,0.0,0.0,2.0,20000.0,20000.0,2.0,20000.0,20000.0,2.0,0.0,0.0,2.0,1.0,1.0,2.0,2.0,2.0,2.0,2.0,2.0,2.0,0.5,0.5,2.0,0.5,0.5,2.0,0.0,0.0,2.0,2.0,2.0,1.0,1.0,1.0,2.0
728.0,Invalidated,Enable,3.0,2018-05-23 12:38:00,,,,,2.0,0.0,0.0,2.0,23.0,23.0,2.0,9.0,9.0,2.0,0.0,0.0,2.0,0.0,0.0,2.0,0.0,0.0,2.0,0.0,0.0,2.0,0.0,0.0,2.0,0.0,0.0,2.0,0.0,0.0,2.0,0.0,0.0,2.0,0.0,0.0,2.0,1.0,1.0,2.0,0.0,0.0,2.0,0.0,0.0,2.0,2.0,2.0,2.0,3.0,3.0,2.0,1.0,1.0,2.0,2.0,2.0,2.0,2.0,2.0,2.0,1.0,1.0,2.0,265000.0,265000.0,2.0,7.0,7.0,2.0,110000.0,110000.0,2.0,120500.0,120500.0,2.0,0.0,0.0,2.0,1.0,1.0,2.0,112500.0,112500.0,2.0,1.0,1.0,2.0,20000.0,20000.0,2.0,2.0,2.0,2.0,2.0,2.0,2.0,2.0,2.0,2.0,1.0,1.0,2.0,2.5,2.5,2.0,2.0,2.0,2.0,2.0,2.0,2.0,100.0,100.0,2.0,1.5,1.5,2.0,,,0.0,,,0.0,,,0.0,0.0,0.0,2.0,0.0,0.0,2.0,0.0,0.0,2.0,,,0.0,0.0,0.0,2.0,0.5,0.5,2.0,0.5,0.5,2.0,0.0,0.0,2.0,0.0,0.0,2.0,0.0,0.0,2.0,1.0,1.0,2.0,,,0.0,1.0,1.0,2.0
729.0,Invalidated,Enable,6.0,2018-05-23 12:38:00,,,,,,,,,,,,,,,,,,,,,,,,,,,,,,,,,,,,,,,,,,,,,,,,,,,,,,,,,,,,,,,,,,,,,,,,,,,,,,,,,,,,,,,,,,,,,,,,,,,,,,,,,,,,,,,,,,,,,,,,,,,,,,,,,,,,,,,,,,,,,,,,,,,,,,,,,,,,,,,,,,,,,,,,,,
730.0,Validated,Enable,5.0,2018-02-16 15:40:00,Guede Village,Guede Village 02 N,-14.80515833333 | 16.541961666667,no,17.0,0.11764705882352941,0.0,17.0,50.64705882352941,50.0,17.0,17.529411764705884,18.0,17.0,0.9411764705882353,1.0,17.0,0.5882352941176471,1.0,17.0,0.0,0.0,17.0,0.0,0.0,17.0,5.294117647058823,5.0,17.0,1.588235294117647,2.0,17.0,1.7058823529411764,1.0,17.0,3.0588235294117645,3.0,17.0,0.7647058823529411,1.0,17.0,1.0588235294117647,1.0,17.0,0.7647058823529411,1.0,17.0,1.7647058823529411,2.0,17.0,1.2352941176470589,1.0,17.0,2.8823529411764706,3.0,17.0,1.5294117647058822,2.0,17.0,1.0,1.0,17.0,1.0588235294117647,1.0,17.0,0.4375,0.0,16.0,175000.0,175000.0,6.0,7.0,7.0,8.0,32352.941176470587,0.0,17.0,35294.117647058825,0.0,17.0,0.0,0.0,17.0,0.0,0.0,16.0,34558.82352941176,0.0,17.0,3.588235294117647,4.0,17.0,47088.23529411765,40000.0,17.0,1.1764705882352942,2.0,17.0,1.0,1.0,17.0,0.35294117647058826,0.0,17.0,1.0,1.0,17.0,1.8823529411764706,2.0,17.0,2.2941176470588234,2.0,17.0,1.875,2.0,16.0,131.47058823529412,125.0,17.0,1.0588235294117647,1.0,17.0,0.4764705882352942,0.4,17.0,0.5789434523809525,0.5625,16.0,2.1875,2.5,16.0,0.7058823529411765,1.0,17.0,0.6470588235294118,1.0,17.0,203294.11764705883,100000.0,17.0,203294.11764705883,100000.0,17.0,1.1176470588235294,1.0,17.0,0.058823529411764705,0.0,17.0,1.5294117647058822,2.0,17.0,2.4705882352941178,3.0,17.0,0.9411764705882353,1.0,17.0,0.8823529411764706,1.0,17.0,0.17647058823529413,0.0,17.0,0.6153846153846154,1.0,13.0,0.5833333333333334,1.0,12.0
731.0,Validated,Enable,3.0,2018-02-16 15:39:00,Guede village,Guede Village 04N,-14.804879094053 | 16.541858955833,no,8.0,0.5,0.5,8.0,46.125,42.0,8.0,20.375,12.5,8.0,0.625,0.5,8.0,0.375,0.0,8.0,0.0,0.0,8.0,0.0,0.0,8.0,4.25,4.5,8.0,0.75,0.0,8.0,1.625,1.0,8.0,3.0,2.0,8.0,1.25,1.5,8.0,1.0,1.0,8.0,0.75,1.0,8.0,1.875,2.0,8.0,1.5,1.5,8.0,2.75,3.0,8.0,1.625,2.0,8.0,0.5,0.5,8.0,1.0,1.0,8.0,0.4,0.0,5.0,81666.66666666667,35000.0,3.0,7.0,7.0,4.0,48000.0,7000.0,8.0,48000.0,7000.0,8.0,0.0,0.0,8.0,0.0,0.0,7.0,1875.0,0.0,8.0,4.0,4.0,8.0,44250.0,20000.0,8.0,1.0,1.0,8.0,0.875,0.5,8.0,0.25,0.0,8.0,1.0,1.0,8.0,2.375,2.5,8.0,2.125,2.0,8.0,1.4285714285714286,2.0,7.0,120.625,120.0,8.0,1.0,1.0,8.0,0.525,0.6000000000000001,8.0,0.619047619047619,0.5,7.0,2.142857142857143,2.0,7.0,0.75,1.0,8.0,0.375,0.0,8.0,241875.0,90000.0,8.0,241875.0,90000.0,8.0,1.25,0.5,8.0,0.0,0.0,8.0,1.375,1.0,8.0,2.125,2.0,8.0,0.625,1.0,8.0,0.625,0.5,8.0,0.375,0.0,8.0,0.5,0.5,4.0,0.5,0.5,4.0
733.0,Invalidated,Enable,3.0,2018-05-23 12:38:00,,,,,2.0,0.0,0.0,2.0,26.5,26.5,2.0,7.0,7.0,2.0,0.5,0.5,2.0,0.5,0.5,2.0,0.5,0.5,2.0,0.0,0.0,2.0,0.5,0.5,2.0,0.5,0.5,2.0,0.0,0.0,2.0,0.0,0.0,2.0,0.0,0.0,2.0,1.0,1.0,2.0,0.0,0.0,2.0,0.0,0.0,2.0,2.0,2.0,2.0,3.0,3.0,2.0,2.0,2.0,2.0,2.0,2.0,2.0,2.0,2.0,2.0,1.0,1.0,2.0,72500.0,72500.0,2.0,7.0,7.0,2.0,60000.0,60000.0,2.0,65500.0,65500.0,2.0,0.0,0.0,2.0,1.0,1.0,2.0,65000.0,65000.0,2.0,0.0,0.0,2.0,62500.0,62500.0,2.0,2.0,2.0,2.0,2.0,2.0,2.0,2.0,2.0,2.0,1.0,1.0,2.0,2.5,2.5,2.0,2.0,2.0,2.0,2.0,2.0,1.0,100.0,100.0,2.0,1.5,1.5,2.0,,,0.0,0.0,0.0,1.0,0.0,0.0,1.0,0.0,0.0,2.0,0.5,0.5,2.0,20000.0,20000.0,2.0,20000.0,20000.0,2.0,0.0,0.0,2.0,0.5,0.5,2.0,0.5,0.5,2.0,0.5,0.5,2.0,0.0,0.0,2.0,0.5,0.5,2.0,0.5,0.5,2.0,2.0,2.0,1.0,1.0,1.0,2.0
737.0,Invalidated,Enable,3.0,2018-05-23 12:38:00,,,,,1.0,1.0,1.0,1.0,28.0,28.0,1.0,10.0,10.0,1.0,0.0,0.0,1.0,1.0,1.0,1.0,1.0,1.0,1.0,0.0,0.0,1.0,6.0,6.0,1.0,2.0,2.0,1.0,4.0,4.0,1.0,4.0,4.0,1.0,1.0,1.0,1.0,1.0,1.0,1.0,1.0,1.0,1.0,2.0,2.0,1.0,2.0,2.0,1.0,3.0,3.0,1.0,2.0,2.0,1.0,2.0,2.0,1.0,1.0,1.0,1.0,1.0,1.0,1.0,50000.0,50000.0,1.0,7.0,7.0,1.0,50000.0,50000.0,1.0,50000.0,50000.0,1.0,0.0,0.0,1.0,1.0,1.0,1.0,20000.0,20000.0,1.0,0.0,0.0,1.0,60000.0,60000.0,1.0,2.0,2.0,1.0,2.0,2.0,1.0,2.0,2.0,1.0,1.0,1.0,1.0,2.0,2.0,1.0,2.0,2.0,1.0,2.0,2.0,1.0,125.0,125.0,1.0,1.0,1.0,1.0,,,0.0,0.6666666666666666,0.6666666666666666,1.0,3.0,3.0,1.0,1.0,1.0,1.0,1.0,1.0,1.0,25000.0,25000.0,1.0,25000.0,25000.0,1.0,0.0,0.0,1.0,0.0,0.0,1.0,1.0,1.0,1.0,0.0,0.0,1.0,1.0,1.0,1.0,0.0,0.0,1.0,1.0,1.0,1.0,,,0.0,1.0,1.0,1.0
738.0,Invalidated,Enable,2.0,2018-05-23 12:38:00,,,,,,,,,,,,,,,,,,,,,,,,,,,,,,,,,,,,,,,,,,,,,,,,,,,,,,,,,,,,,,,,,,,,,,,,,,,,,,,,,,,,,,,,,,,,,,,,,,,,,,,,,,,,,,,,,,,,,,,,,,,,,,,,,,,,,,,,,,,,,,,,,,,,,,,,,,,,,,,,,,,,,,,,,,
740.0,Validated,Enable,2.0,2018-02-16 15:37:00,Ronkh,Ronkh03,-15.987018333333 | 16.478176666667,no,50.0,0.12,0.0,50.0,30.38,27.0,50.0,10.14,9.5,50.0,0.2,0.0,50.0,0.04,0.0,50.0,0.0,0.0,50.0,0.0,0.0,50.0,0.78,0.0,50.0,0.22,0.0,50.0,0.26,0.0,50.0,0.32,0.0,50.0,1.625,1.5,8.0,2.0,2.0,50.0,1.0,1.0,50.0,2.0,2.0,50.0,1.4,1.0,50.0,3.44,3.0,50.0,0.8125,1.0,48.0,0.9591836734693877,1.0,49.0,0.58,1.0,50.0,0.9183673469387755,1.0,49.0,331818.3181818182,225000.0,44.0,6.066666666666666,6.0,45.0,1000.0,0.0,50.0,1100.0,0.0,50.0,1.0204081632653061,1.0,49.0,0.07894736842105263,0.0,38.0,3000.0,0.0,50.0,3.58,4.0,50.0,69510.20408163265,35000.0,49.0,1.3,1.0,50.0,1.5,2.0,50.0,1.125,2.0,48.0,0.52,1.0,50.0,0.94,1.0,50.0,1.1818181818181819,2.0,44.0,1.0444444444444445,1.0,45.0,130.4,130.0,50.0,3.978723404255319,4.0,47.0,1.9760000000000002,1.5,50.0,0.24305555555555555,0.125,12.0,1.0,0.5,12.0,0.14,0.0,50.0,0.18,0.0,50.0,442346.9387755102,400000.0,49.0,442346.9387755102,400000.0,49.0,2.5306122448979593,3.0,49.0,1.4893617021276595,2.0,47.0,0.7,0.5,50.0,0.62,0.0,50.0,0.1,0.0,50.0,0.2,0.0,50.0,0.8163265306122449,1.0,49.0,0.2,0.0,10.0,0.9183673469387755,1.0,49.0
742.0,Validated,Enable,7.0,2018-02-16 15:39:00,Guede village,Guede Village 03 N,-14.80537798493 | 16.542044081979,no,6.0,0.3333333333333333,0.0,6.0,37.666666666666664,32.5,6.0,15.166666666666666,12.5,6.0,0.6666666666666666,1.0,6.0,0.16666666666666666,0.0,6.0,0.0,0.0,6.0,0.0,0.0,6.0,4.166666666666667,3.5,6.0,1.8333333333333333,2.5,6.0,1.5,0.0,6.0,1.0,0.5,6.0,1.6,2.0,5.0,1.0,1.0,6.0,0.3333333333333333,0.0,6.0,1.3333333333333333,1.5,6.0,1.6666666666666667,2.0,6.0,3.0,3.0,6.0,1.6666666666666667,2.0,6.0,0.5,0.5,6.0,0.8333333333333334,1.0,6.0,0.3333333333333333,0.0,6.0,100000.0,100000.0,2.0,7.0,7.0,2.0,3500.0,3000.0,6.0,3500.0,3000.0,6.0,0.0,0.0,6.0,0.2,0.0,5.0,3333.3333333333335,2500.0,6.0,4.0,4.0,6.0,89850.0,46800.0,6.0,1.2,2.0,5.0,1.2,2.0,5.0,0.0,0.0,6.0,1.0,1.0,6.0,2.3333333333333335,2.5,6.0,3.0,3.0,6.0,1.6666666666666667,2.0,6.0,122.5,120.0,6.0,1.0,1.0,6.0,0.6,0.6000000000000001,6.0,0.2,0.16666666666666666,5.0,1.0,1.0,5.0,0.5,0.0,6.0,0.6666666666666666,1.0,6.0,181000.0,110000.0,6.0,181000.0,110000.0,6.0,1.1666666666666667,1.0,6.0,0.0,0.0,6.0,1.3333333333333333,1.0,6.0,1.3333333333333333,1.0,6.0,0.6666666666666666,0.5,6.0,0.6666666666666666,1.0,6.0,0.3333333333333333,0.0,6.0,0.25,0.0,4.0,0.5,0.5,4.0
743.0,Validated,Enable,10.0,2018-02-16 15:38:00,GuEdE village,GuEdE village,-14.805108422924 | 16.541981087685,no,6.0,0.5,0.5,6.0,43.333333333333336,43.0,6.0,12.5,10.0,6.0,0.8333333333333334,0.5,6.0,0.3333333333333333,0.0,6.0,0.0,0.0,6.0,0.0,0.0,6.0,6.333333333333333,5.5,6.0,1.6666666666666667,1.5,6.0,3.0,3.0,6.0,1.5,2.0,6.0,1.2,1.0,5.0,1.0,1.0,6.0,0.3333333333333333,0.0,6.0,0.16666666666666666,0.0,6.0,1.0,1.0,6.0,3.1666666666666665,3.0,6.0,1.0,1.0,6.0,0.8333333333333334,1.0,6.0,0.8333333333333334,1.0,6.0,0.6666666666666666,1.0,6.0,68750.0,75000.0,4.0,7.75,7.0,4.0,9166.666666666666,5000.0,6.0,9166.666666666666,5000.0,6.0,0.0,0.0,6.0,0.0,0.0,5.0,7500.0,5000.0,6.0,2.8333333333333335,3.0,6.0,70000.0,22500.0,6.0,0.3333333333333333,0.0,6.0,0.6666666666666666,0.0,6.0,0.0,0.0,6.0,1.0,1.0,6.0,1.8333333333333333,2.0,6.0,2.6666666666666665,2.0,6.0,0.6666666666666666,0.0,6.0,121.66666666666667,120.0,6.0,1.0,1.0,6.0,0.4000000000000001,0.35,6.0,0.2844444444444444,0.3333333333333333,5.0,1.6,2.0,5.0,1.1666666666666667,1.0,6.0,0.8333333333333334,1.0,6.0,98333.33333333333,42500.0,6.0,98333.33333333333,42500.0,6.0,0.6666666666666666,0.0,6.0,0.0,0.0,6.0,1.1666666666666667,1.0,6.0,1.8333333333333333,2.0,6.0,1.0,1.0,6.0,0.6666666666666666,0.5,6.0,0.16666666666666666,0.0,6.0,0.3333333333333333,0.0,3.0,0.6666666666666666,1.0,6.0
744.0,Validated,Enable,2.0,2018-02-16 15:35:00,Ronkh,Ronkh04,-15.987373333333 | 16.480998333333,no,32.0,0.0,0.0,29.0,29.741935483870968,27.0,31.0,8.90625,7.0,32.0,0.40625,0.0,32.0,0.21875,0.0,32.0,0.125,0.0,32.0,0.0,0.0,32.0,0.84375,0.0,32.0,0.4375,0.0,32.0,0.25,0.0,32.0,0.40625,0.0,32.0,0.125,0.0,32.0,1.4375,1.0,32.0,1.0,1.0,32.0,2.0,2.0,32.0,1.25,1.0,32.0,3.4375,4.0,32.0,0.96875,1.0,32.0,1.03125,1.0,32.0,0.90625,1.0,32.0,1.0,1.0,32.0,382258.06451612903,400000.0,31.0,6.84375,7.0,32.0,3437.5,0.0,32.0,3125.0,0.0,32.0,1.96875,2.0,32.0,0.16666666666666666,0.0,30.0,10000.0,0.0,32.0,4.0,4.0,32.0,41437.5,22500.0,32.0,1.96875,2.0,32.0,2.0,2.0,32.0,1.71875,2.0,32.0,1.0,1.0,32.0,1.25,1.0,32.0,3.838709677419355,4.0,31.0,1.8387096774193548,2.0,31.0,126.71875,125.0,32.0,5.137931034482759,5.0,29.0,1.9584375,2.0,32.0,0.2916666666666667,0.0,9.0,1.2222222222222223,0.0,9.0,0.125,0.0,32.0,0.25,0.0,32.0,495781.25,500000.0,32.0,495781.25,500000.0,32.0,2.65625,3.0,32.0,1.5517241379310345,2.0,29.0,0.375,0.0,32.0,0.4838709677419355,0.0,31.0,0.09375,0.0,32.0,0.375,0.0,32.0,0.7741935483870968,1.0,31.0,1.1,1.0,10.0,1.0,1.0,32.0
745.0,Validated,Enable,2.0,2018-02-16 15:38:00,Ronkh,Ronkh02,-15.985841666667 | 16.480721666667,no,65.0,0.265625,0.0,64.0,36.98412698412698,33.0,63.0,13.169230769230769,10.0,65.0,0.7230769230769231,1.0,65.0,0.03076923076923077,0.0,65.0,0.3230769230769231,0.0,65.0,0.0,0.0,65.0,2.953846153846154,2.0,65.0,0.9230769230769231,1.0,65.0,1.1538461538461537,1.0,65.0,1.2307692307692308,1.0,65.0,1.25,2.0,60.0,1.484375,1.0,64.0,1.0,1.0,64.0,2.0,2.0,64.0,1.0,1.0,64.0,2.96875,3.0,64.0,1.0,1.0,64.0,0.96875,1.0,64.0,1.015625,1.0,64.0,0.9846153846153847,1.0,65.0,533806.25,600000.0,64.0,7.640625,7.5,64.0,42723.846153846156,50000.0,65.0,45469.230769230766,55000.0,65.0,1.40625,1.0,64.0,0.828125,1.0,64.0,17215.384615384617,5000.0,65.0,3.53125,4.0,64.0,47305.08474576271,10000.0,59.0,1.984375,2.0,64.0,1.984375,2.0,64.0,1.875,2.0,64.0,1.96875,2.0,64.0,1.140625,1.0,64.0,2.935483870967742,3.0,62.0,1.9682539682539681,2.0,63.0,126.61538461538461,125.0,65.0,4.523076923076923,3.0,65.0,1.5384615384615385,1.0,65.0,0.30976037851037846,0.35416666666666663,52.0,1.3653846153846154,2.0,52.0,0.6,1.0,65.0,0.7230769230769231,1.0,65.0,528846.1538461539,450000.0,65.0,537109.375,475000.0,64.0,2.830769230769231,3.0,65.0,1.4307692307692308,1.0,65.0,1.0769230769230769,1.0,65.0,1.3015873015873016,1.0,63.0,0.46153846153846156,0.0,65.0,0.7076923076923077,1.0,65.0,0.984375,1.0,64.0,0.6285714285714286,1.0,35.0,1.0,1.0,64.0
746.0,Invalidated,Enable,2.0,2018-04-11 10:26:00,Ronkh,Diawar,-16.05078 | 16.461085,,55.0,0.01818181818181818,0.0,55.0,47.45454545454545,47.0,55.0,23.145454545454545,23.0,55.0,1.0545454545454545,1.0,55.0,0.14545454545454545,0.0,55.0,0.14545454545454545,0.0,55.0,0.0,0.0,55.0,4.709090909090909,5.0,55.0,1.1272727272727272,1.0,55.0,3.2,3.0,55.0,2.3636363636363638,3.0,55.0,1.3043478260869565,1.0,46.0,1.7115384615384615,2.0,52.0,0.9615384615384616,1.0,52.0,1.9423076923076923,2.0,52.0,1.4807692307692308,1.0,52.0,3.6538461538461537,4.0,52.0,0.7884615384615384,1.0,52.0,0.8269230769230769,1.0,52.0,0.64,1.0,50.0,0.3617021276595745,0.0,47.0,435526.6842105263,350000.0,19.0,7.2727272727272725,7.0,22.0,120454.67272727273,75000.0,55.0,16181.818181818182,0.0,55.0,0.0,0.0,4.0,0.5,0.5,4.0,0.0,0.0,55.0,4.0,4.0,52.0,8527.777777777777,0.0,54.0,1.9215686274509804,2.0,51.0,1.9803921568627452,2.0,51.0,1.9787234042553192,2.0,47.0,0.40425531914893614,0.0,47.0,1.0434782608695652,1.0,23.0,2.761904761904762,3.0,21.0,1.9130434782608696,2.0,23.0,114.63636363636364,120.0,55.0,2.9272727272727272,3.0,55.0,1.328,1.22,55.0,0.45388182419432416,0.5,48.0,2.0416666666666665,2.0,48.0,1.0,1.0,55.0,0.7090909090909091,1.0,55.0,506363.63636363635,450000.0,55.0,580208.3333333334,500000.0,48.0,2.4363636363636365,3.0,55.0,1.1272727272727272,1.0,55.0,1.981818181818182,2.0,55.0,2.327272727272727,2.0,55.0,0.8363636363636363,1.0,55.0,1.0363636363636364,1.0,55.0,0.6,1.0,50.0,0.34782608695652173,0.0,46.0,0.4722222222222222,0.0,36.0
747.0,Validated,Enable,2.0,2018-04-11 10:25:00,Ronkh,Ronkh,-15.986938333333 | 16.478078333333,no,40.0,0.0,0.0,38.0,32.025,27.0,40.0,9.0,6.0,40.0,0.375,0.0,40.0,0.0,0.0,40.0,0.0,0.0,40.0,0.0,0.0,40.0,0.75,0.0,40.0,0.2,0.0,40.0,0.325,0.0,40.0,0.525,0.0,40.0,0.15,0.0,20.0,1.2,1.0,40.0,1.0,1.0,40.0,2.0,2.0,40.0,1.475,1.0,40.0,3.230769230769231,3.0,39.0,1.7179487179487178,2.0,39.0,1.3076923076923077,1.0,39.0,1.1282051282051282,1.0,39.0,1.0,1.0,38.0,622666.6666666666,600000.0,30.0,6.925,7.0,40.0,20500.0,0.0,40.0,10875.0,0.0,40.0,1.457142857142857,2.0,35.0,0.625,1.0,40.0,88250.0,50000.0,40.0,3.6923076923076925,4.0,39.0,68700.0,75000.0,40.0,2.0,2.0,39.0,1.8461538461538463,2.0,39.0,2.0,2.0,40.0,1.9487179487179487,2.0,39.0,1.8461538461538463,2.0,39.0,3.1538461538461537,3.0,39.0,1.9142857142857144,2.0,35.0,119.125,125.0,40.0,5.852941176470588,5.0,34.0,,,0.0,0.48418367346938773,0.7142857142857143,7.0,1.7142857142857142,3.0,7.0,0.125,0.0,40.0,0.125,0.0,40.0,412123.07692307694,350000.0,39.0,422968.4210526316,350000.0,38.0,2.4358974358974357,3.0,39.0,1.8823529411764706,2.0,34.0,0.45,0.0,40.0,0.725,0.0,40.0,0.125,0.0,40.0,0.375,0.0,40.0,1.0,1.0,39.0,0.0,0.0,11.0,1.0,1.0,38.0
750.0,Validated,Enable,8.0,2018-02-13 15:06:00,GuEde villlage,Mboyo,-14.802173333333 | 16.631866666667,no,46.0,0.17391304347826086,0.0,46.0,48.608695652173914,48.0,46.0,21.195652173913043,23.0,46.0,1.1304347826086956,1.0,46.0,0.15217391304347827,0.0,46.0,0.10869565217391304,0.0,46.0,0.06521739130434782,0.0,46.0,7.266666666666667,6.0,45.0,2.4782608695652173,2.0,46.0,5.0,4.0,46.0,2.0,2.0,46.0,1.0869565217391304,0.5,46.0,1.0869565217391304,1.0,46.0,0.10869565217391304,0.0,46.0,1.1304347826086956,1.0,46.0,1.0217391304347827,1.0,46.0,3.608695652173913,4.0,46.0,1.9782608695652173,2.0,46.0,0.30434782608695654,0.0,46.0,1.1304347826086956,1.0,46.0,0.9782608695652174,1.0,46.0,143441.86046511628,110000.0,43.0,7.0,7.0,45.0,1630.4347826086957,0.0,46.0,1630.4347826086957,0.0,46.0,0.0,0.0,1.0,0.9555555555555556,1.0,45.0,48804.34782608696,40000.0,46.0,4.0,4.0,46.0,140456.52173913043,115000.0,46.0,1.891304347826087,2.0,46.0,1.673913043478261,2.0,46.0,0.06666666666666667,0.0,45.0,1.0,1.0,46.0,1.7391304347826086,2.0,46.0,4.0,4.0,46.0,1.4565217391304348,1.0,46.0,125.0,125.0,46.0,1.7391304347826086,2.0,46.0,0.6833333333333329,0.8,45.0,0.2920974885680768,0.25,45.0,1.3111111111111111,1.0,45.0,1.4130434782608696,1.0,46.0,0.9130434782608695,1.0,46.0,403600.0,350000.0,45.0,403600.0,350000.0,45.0,2.6666666666666665,3.0,45.0,0.5434782608695652,1.0,46.0,1.8478260869565217,2.0,46.0,2.3260869565217392,2.0,46.0,1.3111111111111111,1.0,45.0,1.108695652173913,1.0,46.0,0.1956521739130435,0.0,46.0,0.2894736842105263,0.0,38.0,0.9782608695652174,1.0,46.0
751.0,Validated,Enable,2.0,2018-03-16 09:38:00,Ronkh,Kheune CMS 1,-16.107781666667 | 16.52354,no,26.0,0.0,0.0,25.0,46.23076923076923,44.0,26.0,13.192307692307692,10.0,26.0,0.19230769230769232,0.0,26.0,0.3076923076923077,0.0,26.0,0.0,0.0,26.0,0.0,0.0,26.0,3.8461538461538463,3.0,26.0,0.6923076923076923,1.0,26.0,3.269230769230769,2.0,26.0,1.4615384615384615,1.0,26.0,1.1538461538461537,0.5,26.0,1.76,2.0,25.0,1.0,1.0,26.0,2.0,2.0,26.0,0.4230769230769231,0.0,26.0,3.8461538461538463,4.0,26.0,1.0,1.0,25.0,0.9230769230769231,1.0,26.0,0.9615384615384616,1.0,26.0,0.0,0.0,26.0,,,0.0,,,0.0,0.0,0.0,26.0,0.0,0.0,26.0,0.0,0.0,2.0,0.0,0.0,3.0,0.0,0.0,26.0,3.92,4.0,25.0,0.0,0.0,26.0,1.1538461538461537,1.0,26.0,1.04,1.0,25.0,1.0,1.0,25.0,2.0,2.0,24.0,2.730769230769231,3.0,26.0,3.9130434782608696,4.0,23.0,1.0,1.0,20.0,130.0,130.0,25.0,1.0,1.0,26.0,,,0.0,0.29541666666666666,0.29166666666666663,20.0,1.4,1.5,20.0,1.0,1.0,26.0,0.5384615384615384,1.0,26.0,656000.0,569500.0,26.0,656000.0,569500.0,26.0,2.923076923076923,3.0,26.0,0.0,0.0,26.0,1.1538461538461537,1.0,26.0,2.076923076923077,2.0,26.0,0.6538461538461539,0.0,26.0,0.15384615384615385,0.0,26.0,0.5416666666666666,1.0,24.0,1.0,1.0,3.0,0.0,0.0,3.0
752.0,Validated,Enable,2.0,2018-03-16 09:40:00,Ronkh,Kheune CMS 2,-16.1078 | 16.523546666667,no,8.0,1.0,1.0,8.0,45.375,43.0,8.0,6.625,6.5,8.0,0.0,0.0,8.0,0.0,0.0,8.0,0.0,0.0,8.0,0.0,0.0,8.0,4.125,3.5,8.0,0.25,0.0,8.0,3.875,3.0,8.0,1.75,2.0,8.0,2.0,1.0,8.0,2.0,2.0,7.0,1.0,1.0,8.0,2.0,2.0,8.0,0.5,0.5,8.0,3.75,4.0,8.0,1.0,1.0,8.0,1.0,1.0,8.0,0.875,1.0,8.0,0.0,0.0,7.0,5.0,5.0,1.0,,,0.0,0.0,0.0,8.0,0.0,0.0,8.0,0.0,0.0,1.0,0.0,0.0,1.0,0.0,0.0,8.0,4.0,4.0,8.0,0.625,0.0,8.0,1.25,1.0,8.0,1.0,1.0,7.0,1.0,1.0,8.0,1.75,2.0,8.0,2.7142857142857144,3.0,7.0,4.0,4.0,8.0,1.0,1.0,7.0,130.0,130.0,8.0,1.0,1.0,8.0,1.0,1.0,7.0,0.5505952380952381,0.5,8.0,2.0,2.0,8.0,1.375,1.0,8.0,0.25,0.0,8.0,652250.0,605000.0,8.0,652250.0,605000.0,8.0,3.0,3.0,8.0,0.0,0.0,8.0,0.375,0.0,8.0,2.0,2.0,8.0,0.5,0.5,8.0,0.0,0.0,8.0,0.5714285714285714,1.0,7.0,,,0.0,,,0.0
754.0,Validated,Enable,10.0,2018-03-21 12:21:00,Ross bethio,Ross bethio,-16.137148333333 | 16.278426666667,no,33.0,0.0,0.0,32.0,42.63636363636363,41.0,22.0,16.939393939393938,15.0,33.0,0.696969696969697,1.0,33.0,0.15151515151515152,0.0,33.0,0.0,0.0,33.0,0.0,0.0,33.0,2.303030303030303,0.0,33.0,0.42424242424242425,0.0,33.0,0.7272727272727273,0.0,33.0,1.2727272727272727,0.0,33.0,2.0,2.0,9.0,2.0,2.0,29.0,1.0,1.0,29.0,2.0,2.0,29.0,2.0,2.0,29.0,3.1785714285714284,3.0,28.0,1.0,1.0,9.0,1.0,1.0,17.0,1.2222222222222223,1.0,27.0,0.6333333333333333,1.0,30.0,526500.0,400000.0,20.0,9.333333333333334,10.0,6.0,3030.3030303030305,0.0,33.0,3030.3030303030305,0.0,33.0,0.6666666666666666,0.0,3.0,0.9285714285714286,1.0,14.0,31818.18181818182,0.0,33.0,3.96,4.0,25.0,33060.606060606064,0.0,33.0,2.0,2.0,25.0,2.0,2.0,24.0,2.0,2.0,27.0,1.0,1.0,27.0,2.142857142857143,2.0,28.0,3.3333333333333335,3.0,27.0,1.9259259259259258,2.0,27.0,102.27272727272727,125.0,33.0,1.3125,1.0,32.0,,,0.0,0.5411111111111111,0.625,10.0,2.1,2.5,10.0,0.3333333333333333,0.0,33.0,0.30303030303030304,0.0,33.0,295454.54545454547,250000.0,33.0,573529.4117647059,550000.0,17.0,1.4848484848484849,2.0,33.0,0.40625,0.0,32.0,1.4242424242424243,1.0,33.0,1.8636363636363635,2.0,22.0,0.3939393939393939,0.0,33.0,0.6060606060606061,1.0,33.0,0.5862068965517241,1.0,29.0,0.29411764705882354,0.0,17.0,1.0,1.0,19.0
,,,,,,,,,7.0,0.14285714285714285,0.0,7.0,38.0,35.0,7.0,16.857142857142858,15.0,7.0,0.8571428571428571,1.0,7.0,0.2857142857142857,0.0,7.0,0.0,0.0,7.0,0.0,0.0,7.0,5.571428571428571,5.0,7.0,4.142857142857143,3.0,7.0,2.857142857142857,2.0,7.0,1.2857142857142858,0.0,7.0,0.7142857142857143,0.0,7.0,1.1428571428571428,1.0,7.0,0.42857142857142855,0.0,7.0,1.0,1.0,7.0,1.1428571428571428,1.0,7.0,4.0,4.0,7.0,2.0,2.0,7.0,0.14285714285714285,0.0,7.0,2.0,2.0,7.0,1.0,1.0,7.0,201428.57142857142,135000.0,7.0,7.0,7.0,7.0,5714.285714285715,0.0,7.0,5714.285714285715,0.0,7.0,0.5,0.5,2.0,0.5714285714285714,1.0,7.0,75714.28571428571,50000.0,7.0,4.0,4.0,7.0,130000.0,132500.0,6.0,2.0,2.0,7.0,1.8571428571428572,2.0,7.0,0.0,0.0,7.0,1.0,1.0,7.0,2.142857142857143,2.0,7.0,4.0,4.0,7.0,1.8571428571428572,2.0,7.0,125.0,125.0,7.0,2.0,1.0,7.0,1.6200000000000003,0.7,7.0,0.2106060606060606,0.18181818181818182,6.0,1.0,1.0,6.0,0.7142857142857143,1.0,7.0,1.1428571428571428,1.0,7.0,625000.0,650000.0,5.0,625000.0,650000.0,5.0,3.0,3.0,5.0,0.42857142857142855,0.0,7.0,1.4285714285714286,1.0,7.0,1.4285714285714286,1.0,7.0,0.8571428571428571,1.0,7.0,0.8571428571428571,1.0,7.0,0.42857142857142855,0.0,7.0,0.4,0.0,5.0,1.0,1.0,7.0
757.0,Validated,Enable,10.0,2018-03-21 12:50:00,Ross-bEthio,Ross-bEthio,-16.136743761599 | 16.278016949336,no,32.0,0.0,0.0,32.0,41.625,42.0,32.0,0.1875,0.0,32.0,0.03125,0.0,32.0,0.0,0.0,32.0,0.0,0.0,32.0,0.0,0.0,32.0,0.0625,0.0,32.0,0.03125,0.0,32.0,0.03125,0.0,32.0,0.03125,0.0,32.0,0.0,0.0,1.0,2.0,2.0,32.0,1.0,1.0,32.0,2.0,2.0,32.0,2.0,2.0,32.0,3.0,3.0,1.0,0.0,0.0,1.0,0.0,0.0,1.0,1.0,1.0,1.0,0.0625,0.0,32.0,500000.0,500000.0,1.0,18.0,18.0,1.0,3906.25,0.0,32.0,4687.5,0.0,32.0,0.0,0.0,1.0,0.0,0.0,1.0,3125.0,0.0,32.0,,,0.0,2343.75,0.0,32.0,,,0.0,,,0.0,,,0.0,,,0.0,,,0.0,,,0.0,,,0.0,7.8125,0.0,32.0,1.4375,1.0,32.0,1.1978125,0.8,32.0,0.5,0.5,1.0,2.0,2.0,1.0,0.03125,0.0,32.0,0.03125,0.0,32.0,8064.5161290322585,0.0,31.0,250000.0,250000.0,1.0,0.06451612903225806,0.0,31.0,0.375,0.0,32.0,0.0,0.0,32.0,1.78125,2.0,32.0,0.0,0.0,32.0,0.03125,0.0,32.0,1.0,1.0,1.0,0.0,0.0,1.0,1.0,1.0,2.0
760.0,Invalidated,Enable,4.0,2018-05-23 12:38:00,,,,,1.0,0.0,0.0,1.0,56.0,56.0,1.0,40.0,40.0,1.0,0.0,0.0,1.0,0.0,0.0,1.0,0.0,0.0,1.0,0.0,0.0,1.0,0.0,0.0,1.0,0.0,0.0,1.0,0.0,0.0,1.0,0.0,0.0,1.0,0.0,0.0,1.0,1.0,1.0,1.0,1.0,1.0,1.0,0.0,0.0,1.0,2.0,2.0,1.0,3.0,3.0,1.0,2.0,2.0,1.0,2.0,2.0,1.0,0.0,0.0,1.0,1.0,1.0,1.0,500000.0,500000.0,1.0,7.0,7.0,1.0,0.0,0.0,1.0,0.0,0.0,1.0,0.0,0.0,1.0,1.0,1.0,1.0,250000.0,250000.0,1.0,0.0,0.0,1.0,300000.0,300000.0,1.0,2.0,2.0,1.0,2.0,2.0,1.0,2.0,2.0,1.0,1.0,1.0,1.0,3.0,3.0,1.0,2.0,2.0,1.0,2.0,2.0,1.0,125.0,125.0,1.0,4.0,4.0,1.0,,,0.0,,,0.0,,,0.0,0.0,0.0,1.0,0.0,0.0,1.0,0.0,0.0,1.0,,,0.0,0.0,0.0,1.0,2.0,2.0,1.0,3.0,3.0,1.0,3.0,3.0,1.0,0.0,0.0,1.0,0.0,0.0,1.0,0.0,0.0,1.0,,,0.0,1.0,1.0,1.0
761.0,Invalidated,Enable,11.0,2018-05-23 12:38:00,,,,,1.0,1.0,1.0,1.0,47.0,47.0,1.0,2.0,2.0,1.0,0.0,0.0,1.0,0.0,0.0,1.0,1.0,1.0,1.0,0.0,0.0,1.0,8.0,8.0,1.0,0.0,0.0,1.0,3.0,3.0,1.0,2.0,2.0,1.0,1.0,1.0,1.0,1.0,1.0,1.0,0.0,0.0,1.0,0.0,0.0,1.0,2.0,2.0,1.0,3.0,3.0,1.0,2.0,2.0,1.0,2.0,2.0,1.0,0.0,0.0,1.0,0.0,0.0,1.0,,,0.0,,,0.0,0.0,0.0,1.0,0.0,0.0,1.0,0.0,0.0,1.0,1.0,1.0,1.0,0.0,0.0,1.0,0.0,0.0,1.0,85000.0,85000.0,1.0,2.0,2.0,1.0,2.0,2.0,1.0,2.0,2.0,1.0,1.0,1.0,1.0,2.0,2.0,1.0,2.0,2.0,1.0,2.0,2.0,1.0,125.0,125.0,1.0,1.0,1.0,1.0,10.0,10.0,1.0,0.25,0.25,1.0,1.0,1.0,1.0,1.0,1.0,1.0,0.0,0.0,1.0,20000.0,20000.0,1.0,20000.0,20000.0,1.0,0.0,0.0,1.0,0.0,0.0,1.0,0.0,0.0,1.0,2.0,2.0,1.0,2.0,2.0,1.0,0.0,0.0,1.0,0.0,0.0,1.0,,,0.0,0.0,0.0,1.0
